,bop date,eop date,day count,bop BNDX price,eop BNDX price,bop IAGG price,eop IAGG price,eop IAGG / eop BNDX,bop IAGG / BNDX moving avg,eop IAGG / BNDX moving avg,eop BNDX unit price,eop IAGG / eop IAGG,bop IAGG / IAGG moving avg,eop IAGG / IAGG moving avg,eop IAGG unit price,BNDX unit price pct diff,IAGG unit price pct diff,unit price pct diff,month end liquidation,go long,exit long,current_position,new_position,BNDX shares per unit,bop BNDX shares,eop BNDX shares,eop BNDX shares bought,eop BNDX shares sold,eop BNDX shares traded,IAGG shares per unit,bop IAGG shares,eop IAGG shares,eop IAGG shares bought,eop IAGG shares sold,eop IAGG shares traded,BNDX daily commission,IAGG daily commission,daily total commissions,BNDX cop,BNDX pct cop,BNDX daily position pnl,IAGG cop,IAGG pct cop,IAGG daily position pnl,daily position pnl,short BNDX investment amount,long BNDX investment amount,BNDX investment amount,daily BNDX borrow cost,short IAGG investment amount,long IAGG investment amount,IAGG investment amount,daily IAGG borrow cost,net investment amount,gross investment amount,short investment amount,daily borrow cost,daily net profit,cumulative net profit,drawdown
0,2024-01-02,2024-01-03,1,,49.33,,49.71,1.0077032231907561,,,,1.0,,,,,,,False,False,False,0,0,,,,,,,,,,,,,,,0.0,,,,,,,0.0,,,,,,,,,0.0,0.0,0.0,0.0,0.0,0.0,0.0
1,2024-01-03,2024-01-04,1,49.33,49.03,49.71,49.48,1.0091780542524984,,,,1.0,,,,,,,False,False,False,0,0,,,,,,,,,,,,,,,0.0,-0.29999999999999716,-0.006100059582504925,,-0.23000000000000398,-0.004637572582294188,,0.0,,,,,,,,,0.0,0.0,0.0,0.0,0.0,0.0,0.0
2,2024-01-04,2024-01-05,1,49.03,48.91,49.48,49.43,1.0106317726436311,,,,1.0,,,,,,,False,False,False,0,0,,,,,,,,,,,,,,,0.0,-0.12000000000000455,-0.0024504811118762,,-0.04999999999999716,-0.0010110202054191399,,0.0,,,,,,,,,0.0,0.0,0.0,0.0,0.0,0.0,0.0
3,2024-01-05,2024-01-08,3,48.91,49.0,49.43,49.52,1.0106122448979593,,,,1.0,,,,,,,False,False,False,0,0,,,,,,,,,,,,,,,0.0,0.09000000000000341,0.0018384235593608828,,0.09000000000000341,0.0018191010574727313,,0.0,,,,,,,,,0.0,0.0,0.0,0.0,0.0,0.0,0.0
4,2024-01-08,2024-01-09,1,49.0,48.96,49.52,49.4,1.0089869281045751,,,,1.0,,,,,,,False,False,False,0,0,,,,,,,,,,,,,,,0.0,-0.03999999999999915,-0.0008166599065559779,,-0.12000000000000455,-0.002426204182463937,,0.0,,,,,,,,,0.0,0.0,0.0,0.0,0.0,0.0,0.0
5,2024-01-09,2024-01-10,1,48.96,48.89,49.4,49.33,1.008999795459194,,,,1.0,,,,,,,False,False,False,0,0,,,,,,,,,,,,,,,0.0,-0.07000000000000028,-0.00143076161351645,,-0.07000000000000028,-0.0014180089482299697,,0.0,,,,,,,,,0.0,0.0,0.0,0.0,0.0,0.0,0.0
6,2024-01-10,2024-01-11,1,48.89,49.1,49.33,49.54,1.0089613034623217,,,,1.0,,,,,,,False,False,False,0,0,,,,,,,,,,,,,,,0.0,0.21000000000000085,0.004286158209920734,,0.21000000000000085,0.004248008815566567,,0.0,,,,,,,,,0.0,0.0,0.0,0.0,0.0,0.0,0.0
7,2024-01-11,2024-01-12,1,49.1,49.1,49.54,49.56,1.009368635437882,,,,1.0,,,,,,,False,False,False,0,0,,,,,,,,,,,,,,,0.0,0.0,0.0,,0.020000000000003126,0.0004036326997282609,,0.0,,,,,,,,,0.0,0.0,0.0,0.0,0.0,0.0,0.0
8,2024-01-12,2024-01-16,4,49.1,48.86,49.56,49.36,1.010233319688907,,,,1.0,,,,,,,False,False,False,0,0,,,,,,,,,,,,,,,0.0,-0.240000000000002,-0.004899968970880563,,-0.20000000000000284,-0.004043677163809366,,0.0,,,,,,,,,0.0,0.0,0.0,0.0,0.0,0.0,0.0
9,2024-01-16,2024-01-17,1,48.86,48.72,49.36,49.25,1.0108784893267653,,,,1.0,,,,,,,False,False,False,0,0,,,,,,,,,,,,,,,0.0,-0.14000000000000057,-0.00286944242795282,,-0.10999999999999943,-0.002231011979034484,,0.0,,,,,,,,,0.0,0.0,0.0,0.0,0.0,0.0,0.0
10,2024-01-17,2024-01-18,1,48.72,48.7,49.25,49.18,1.0098562628336756,,,,1.0,,,,,,,False,False,False,0,0,,,,,,,,,,,,,,,0.0,-0.01999999999999602,-0.0004105933130974489,,-0.07000000000000028,-0.0014223308300514341,,0.0,,,,,,,,,0.0,0.0,0.0,0.0,0.0,0.0,0.0
11,2024-01-18,2024-01-19,1,48.7,48.79,49.18,49.25,1.009428161508506,,,,1.0,,,,,,,False,False,False,0,0,,,,,,,,,,,,,,,0.0,0.0899999999999963,0.0018463437392015369,,0.07000000000000028,0.0014223308300512997,,0.0,,,,,,,,,0.0,0.0,0.0,0.0,0.0,0.0,0.0
12,2024-01-19,2024-01-22,3,48.79,48.81,49.25,49.32,1.0104486785494775,,,,1.0,,,,,,,False,False,False,0,0,,,,,,,,,,,,,,,0.0,0.020000000000003126,0.0004098360713104671,,0.07000000000000028,0.001420310678045714,,0.0,,,,,,,,,0.0,0.0,0.0,0.0,0.0,0.0,0.0
13,2024-01-22,2024-01-23,1,48.81,48.7,49.32,49.22,1.0106776180698152,,,,1.0,,,,,,,False,False,False,0,0,,,,,,,,,,,,,,,0.0,-0.10999999999999943,-0.0022561798105120026,,-0.10000000000000142,-0.0020296333332337226,,0.0,,,,,,,,,0.0,0.0,0.0,0.0,0.0,0.0,0.0
14,2024-01-23,2024-01-24,1,48.7,48.61,49.22,49.17,1.0115202633203044,,,,1.0,,,,,,,False,False,False,0,0,,,,,,,,,,,,,,,0.0,-0.09000000000000341,-0.0018497590311800274,,-0.04999999999999716,-0.0010163635390617175,,0.0,,,,,,,,,0.0,0.0,0.0,0.0,0.0,0.0,0.0
15,2024-01-24,2024-01-25,1,48.61,48.8,49.17,49.33,1.010860655737705,,,,1.0,,,,,,,False,False,False,0,0,,,,,,,,,,,,,,,0.0,0.18999999999999773,0.00390104180173736,,0.1599999999999966,0.003248733821798741,,0.0,,,,,,,,,0.0,0.0,0.0,0.0,0.0,0.0,0.0
16,2024-01-25,2024-01-26,1,48.8,48.73,49.33,49.27,1.011081469320747,,,,1.0,,,,,,,False,False,False,0,0,,,,,,,,,,,,,,,0.0,-0.07000000000000028,-0.001435456003686661,,-0.05999999999999517,-0.0012170386897750402,,0.0,,,,,,,,,0.0,0.0,0.0,0.0,0.0,0.0,0.0
17,2024-01-26,2024-01-29,3,48.73,48.91,49.27,49.52,1.0124718871396443,,,,1.0,,,,,,,False,False,False,0,0,,,,,,,,,,,,,,,0.0,0.17999999999999972,0.0036870176958510325,,0.25,0.005061251820468975,,0.0,,,,,,,,,0.0,0.0,0.0,0.0,0.0,0.0,0.0
18,2024-01-29,2024-01-30,1,48.91,48.89,49.52,49.53,1.0130906115770095,,,,1.0,,,,,,,False,False,False,0,0,,,,,,,,,,,,,,,0.0,-0.01999999999999602,-0.0004089979607115557,,0.00999999999999801,0.0002019182238057335,,0.0,,,,,,,,,0.0,0.0,0.0,0.0,0.0,0.0,0.0
19,2024-01-30,2024-01-31,1,48.89,49.08,49.53,49.71,1.0128361858190709,,1.0103912780170223,,1.0,,1.0,,,,,True,False,False,0,0,,,,,,,,,,,,,,,0.0,0.18999999999999773,0.0038787432521564195,,0.17999999999999972,0.0036275735064349476,,0.0,,,,,,,,,0.0,0.0,0.0,0.0,0.0,0.0,0.0
20,2024-01-31,2024-02-01,1,49.08,49.1,49.71,49.83,1.014867617107943,1.0103912780170223,1.0107494977128817,49.6102117506358,1.0,1.0,1.0,49.83,-0.00442051768396593,0.0,-0.00442051768396593,False,False,False,0,0,2028.0,0.0,0.0,0.0,-0.0,0.0,2007.0,0.0,0.0,0.0,-0.0,0.0,-0.0,-0.0,0.0,0.020000000000003126,0.00040741495776418094,0.0,0.11999999999999744,0.002411092186731995,0.0,0.0,0.0,0.0,0.0,0.0,0.0,0.0,0.0,0.0,0.0,0.0,0.0,0.0,0.0,0.0,0.0
21,2024-02-01,2024-02-02,1,49.1,48.86,49.83,49.62,1.0155546459271387,1.0107494977128817,1.0110683272966137,49.385220458251396,1.0,1.0,1.0,49.62,-0.00474277984040077,0.0,-0.00474277984040077,False,False,False,0,0,2037.0,0.0,0.0,0.0,-0.0,0.0,2015.0,0.0,0.0,0.0,-0.0,0.0,-0.0,-0.0,0.0,-0.240000000000002,-0.004899968970880563,-0.0,-0.21000000000000085,-0.004223234029658321,-0.0,0.0,0.0,0.0,0.0,0.0,0.0,0.0,0.0,0.0,0.0,0.0,0.0,0.0,0.0,0.0,0.0
22,2024-02-02,2024-02-05,3,48.86,48.64,49.62,49.45,1.016652960526316,1.0110683272966137,1.0113693866907478,49.17836343970729,1.0,1.0,1.0,49.45,-0.0055082987821626715,0.0,-0.0055082987821626715,False,False,False,0,0,2044.0,0.0,0.0,0.0,-0.0,0.0,2022.0,0.0,0.0,0.0,-0.0,0.0,-0.0,-0.0,0.0,-0.21999999999999886,-0.004512828171682834,-0.0,-0.1699999999999946,-0.0034319201949336814,-0.0,0.0,0.0,0.0,0.0,0.0,0.0,0.0,0.0,0.0,0.0,0.0,0.0,0.0,0.0,0.0,0.0
23,2024-02-05,2024-02-06,1,48.64,48.79,49.45,49.49,1.0143472022955524,1.0113693866907478,1.0115561345606277,49.34471237664159,1.0,1.0,1.0,49.49,-0.002940014181584608,0.0,-0.002940014181584608,False,False,True,0,0,2044.0,0.0,0.0,0.0,-0.0,0.0,2021.0,0.0,0.0,0.0,-0.0,0.0,-0.0,-0.0,0.0,0.14999999999999858,0.0030791361698342306,0.0,0.03999999999999915,0.000808570895073454,0.0,0.0,0.0,0.0,0.0,0.0,0.0,0.0,0.0,0.0,0.0,0.0,0.0,0.0,0.0,0.0,0.0
24,2024-02-06,2024-02-07,1,48.79,48.71,49.49,49.37,1.0135495791418598,1.0115561345606277,1.0117842671124917,49.272899314448175,1.0,1.0,1.0,49.37,-0.0019687320139495563,0.0,-0.0019687320139495563,False,False,True,0,0,2049.0,0.0,0.0,0.0,-0.0,0.0,2026.0,0.0,0.0,0.0,-0.0,0.0,-0.0,-0.0,0.0,-0.0799999999999983,-0.0016410260092945285,-0.0,-0.12000000000000455,-0.002427676693023305,-0.0,0.0,0.0,0.0,0.0,0.0,0.0,0.0,0.0,0.0,0.0,0.0,0.0,0.0,0.0,0.0,0.0
25,2024-02-07,2024-02-08,1,48.71,48.6,49.37,49.32,1.0148148148148148,1.0117842671124917,1.012075018080273,49.172715381667096,1.0,1.0,1.0,49.32,-0.00299077403942489,0.0,-0.00299077403942489,False,False,True,0,0,2052.0,0.0,0.0,0.0,-0.0,0.0,2028.0,0.0,0.0,0.0,-0.0,0.0,-0.0,-0.0,0.0,-0.10999999999999943,-0.0022608169120031845,-0.0,-0.04999999999999716,-0.0010132739746278898,-0.0,0.0,0.0,0.0,0.0,0.0,0.0,0.0,0.0,0.0,0.0,0.0,0.0,0.0,0.0,0.0,0.0
26,2024-02-08,2024-02-09,1,48.6,48.62,49.32,49.32,1.0143973673385438,1.012075018080273,1.0123468212740838,49.20708737906286,1.0,1.0,1.0,49.32,-0.002292012752457814,0.0,-0.002292012752457814,False,False,True,0,0,2052.0,0.0,0.0,0.0,-0.0,0.0,2028.0,0.0,0.0,0.0,-0.0,0.0,-0.0,-0.0,0.0,0.01999999999999602,0.00041143798152902886,0.0,0.0,0.0,0.0,0.0,0.0,0.0,0.0,0.0,0.0,0.0,0.0,0.0,0.0,0.0,0.0,0.0,0.0,0.0,0.0
27,2024-02-09,2024-02-12,3,48.62,48.67,49.32,49.36,1.0141771111567701,1.0123468212740838,1.0125872450600282,49.27091979140966,1.0,1.0,1.0,49.36,-0.0018063348288747168,0.0,-0.0018063348288747168,False,False,True,0,0,2051.0,0.0,0.0,0.0,-0.0,0.0,2026.0,0.0,0.0,0.0,-0.0,0.0,-0.0,-0.0,0.0,0.05000000000000426,0.0010278549573857912,0.0,0.03999999999999915,0.0008107013009888613,0.0,0.0,0.0,0.0,0.0,0.0,0.0,0.0,0.0,0.0,0.0,0.0,0.0,0.0,0.0,0.0,0.0
28,2024-02-12,2024-02-13,1,48.67,48.48,49.36,49.18,1.0144389438943895,1.0125872450600282,1.0127975262703024,49.09022964051016,1.0,1.0,1.0,49.18,-0.0018270107801542656,0.0,-0.0018270107801542656,False,False,True,0,0,2059.0,0.0,0.0,0.0,-0.0,0.0,2033.0,0.0,0.0,0.0,-0.0,0.0,-0.0,-0.0,0.0,-0.19000000000000483,-0.003911482084304052,-0.0,-0.17999999999999972,-0.003653342809085853,-0.0,0.0,0.0,0.0,0.0,0.0,0.0,0.0,0.0,0.0,0.0,0.0,0.0,0.0,0.0,0.0,0.0
29,2024-02-13,2024-02-14,1,48.48,48.79,49.18,49.48,1.0141422422627586,1.0127975262703024,1.0129607139171022,49.41439130672806,1.0,1.0,1.0,49.48,-0.001326843757880473,0.0,-0.001326843757880473,False,False,True,0,0,2047.0,0.0,0.0,0.0,-0.0,0.0,2021.0,0.0,0.0,0.0,-0.0,0.0,-0.0,-0.0,0.0,0.3100000000000023,0.006374032066686907,0.0,0.29999999999999716,0.006081510736240675,0.0,0.0,0.0,0.0,0.0,0.0,0.0,0.0,0.0,0.0,0.0,0.0,0.0,0.0,0.0,0.0,0.0
30,2024-02-14,2024-02-15,1,48.79,48.78,49.48,49.44,1.013530135301353,1.0129607139171022,1.0131444075404858,49.41222362487625,1.0,1.0,1.0,49.44,-0.0005619777651169626,0.0,-0.0005619777651169626,False,False,True,0,0,2049.0,0.0,0.0,0.0,-0.0,0.0,2023.0,0.0,0.0,0.0,-0.0,0.0,-0.0,-0.0,0.0,-0.00999999999999801,-0.0002049810399715691,-0.0,-0.03999999999999915,-0.000808734374851841,-0.0,0.0,0.0,0.0,0.0,0.0,0.0,0.0,0.0,0.0,0.0,0.0,0.0,0.0,0.0,0.0,0.0
31,2024-02-15,2024-02-16,1,48.78,48.66,49.44,49.33,1.0137690094533498,1.0131444075404858,1.0133614499377281,49.29960687092004,1.0,1.0,1.0,49.33,-0.0006163084494856224,0.0,-0.0006163084494856224,False,False,True,0,0,2054.0,0.0,0.0,0.0,-0.0,0.0,2027.0,0.0,0.0,0.0,-0.0,0.0,-0.0,-0.0,0.0,-0.12000000000000455,-0.0024630554323977483,-0.0,-0.10999999999999943,-0.0022273979037884585,-0.0,0.0,0.0,0.0,0.0,0.0,0.0,0.0,0.0,0.0,0.0,0.0,0.0,0.0,0.0,0.0,0.0
32,2024-02-16,2024-02-20,4,48.66,48.68,49.33,49.38,1.0143796220213641,1.0133614499377281,1.0135579971113224,49.3304353829686,1.0,1.0,1.0,49.38,-0.0010042427835438485,0.0,-0.0010042427835438485,False,False,True,0,0,2052.0,0.0,0.0,0.0,-0.0,0.0,2025.0,0.0,0.0,0.0,-0.0,0.0,-0.0,-0.0,0.0,0.020000000000003126,0.0004109307639498936,0.0,0.05000000000000426,0.001013068671386625,0.0,0.0,0.0,0.0,0.0,0.0,0.0,0.0,0.0,0.0,0.0,0.0,0.0,0.0,0.0,0.0,0.0
33,2024-02-20,2024-02-21,1,48.68,48.47,49.38,49.28,1.0167113678564061,1.0135579971113224,1.013859684600652,49.1271561199858,1.0,1.0,1.0,49.28,-0.0031063595158267085,0.0,-0.0031063595158267085,False,False,True,0,0,2057.0,0.0,0.0,0.0,-0.0,0.0,2029.0,0.0,0.0,0.0,-0.0,0.0,-0.0,-0.0,0.0,-0.21000000000000085,-0.0043232182620417895,-0.0,-0.10000000000000142,-0.002027164691769189,-0.0,0.0,0.0,0.0,0.0,0.0,0.0,0.0,0.0,0.0,0.0,0.0,0.0,0.0,0.0,0.0,0.0
34,2024-02-21,2024-02-22,1,48.47,48.6,49.28,49.36,1.0156378600823044,1.013859684600652,1.014065564438752,49.27358067159169,1.0,1.0,1.0,49.36,-0.0017523312026921493,0.0,-0.0017523312026921493,False,False,True,0,0,2054.0,0.0,0.0,0.0,-0.0,0.0,2026.0,0.0,0.0,0.0,-0.0,0.0,-0.0,-0.0,0.0,0.13000000000000256,0.002678481049163607,0.0,0.0799999999999983,0.001622060371868051,0.0,0.0,0.0,0.0,0.0,0.0,0.0,0.0,0.0,0.0,0.0,0.0,0.0,0.0,0.0,0.0,0.0
35,2024-02-22,2024-02-23,1,48.6,48.78,49.36,49.47,1.0141451414514144,1.014065564438752,1.0142297887244376,49.46611823332232,1.0,1.0,1.0,49.47,-7.847016335360745e-05,0.0,-7.847016335360745e-05,False,False,True,0,0,2049.0,0.0,0.0,0.0,-0.0,0.0,2021.0,0.0,0.0,0.0,-0.0,0.0,-0.0,-0.0,0.0,0.17999999999999972,0.0036968618813262026,0.0,0.10999999999999943,0.002226045642484849,0.0,0.0,0.0,0.0,0.0,0.0,0.0,0.0,0.0,0.0,0.0,0.0,0.0,0.0,0.0,0.0,0.0
36,2024-02-23,2024-02-26,3,48.78,48.69,49.47,49.41,1.0147874306839186,1.0142297887244376,1.014415086792596,49.382848412992864,1.0,1.0,1.0,49.41,-0.0005496670685563002,0.0,-0.0005496670685563002,False,False,True,0,0,2053.0,0.0,0.0,0.0,-0.0,0.0,2024.0,0.0,0.0,0.0,-0.0,0.0,-0.0,-0.0,0.0,-0.09000000000000341,-0.001846722593164774,-0.0,-0.060000000000002274,-0.0012135923819585751,-0.0,0.0,0.0,0.0,0.0,0.0,0.0,0.0,0.0,0.0,0.0,0.0,0.0,0.0,0.0,0.0,0.0
37,2024-02-26,2024-02-27,1,48.69,48.61,49.41,49.35,1.0152232051018308,1.014415086792596,1.0145526526907056,49.310717368988094,1.0,1.0,1.0,49.35,-0.0007963176051279437,0.0,-0.0007963176051279437,False,False,True,0,0,2055.0,0.0,0.0,0.0,-0.0,0.0,2026.0,0.0,0.0,0.0,-0.0,0.0,-0.0,-0.0,0.0,-0.0799999999999983,-0.0016443991372453472,-0.0,-0.05999999999999517,-0.0012150669781679343,-0.0,0.0,0.0,0.0,0.0,0.0,0.0,0.0,0.0,0.0,0.0,0.0,0.0,0.0,0.0,0.0,0.0
38,2024-02-27,2024-02-28,1,48.61,48.66,49.35,49.43,1.0158240854911633,1.0145526526907056,1.0146893263864132,49.36813207992973,1.0,1.0,1.0,49.43,-0.0012524108878301783,0.0,-0.0012524108878301783,False,False,True,0,0,2052.0,0.0,0.0,0.0,-0.0,0.0,2023.0,0.0,0.0,0.0,-0.0,0.0,-0.0,-0.0,0.0,0.04999999999999716,0.0010280662980122646,0.0,0.0799999999999983,0.0016197614393773084,0.0,0.0,0.0,0.0,0.0,0.0,0.0,0.0,0.0,0.0,0.0,0.0,0.0,0.0,0.0,0.0,0.0
39,2024-02-28,2024-02-29,1,48.66,48.73,49.43,49.52,1.0162117791914633,1.0146893263864132,1.0148581060550328,49.44581087480991,1.0,1.0,1.0,49.52,-0.0014992882578652833,0.0,-0.0014992882578652833,True,False,True,0,0,2049.0,0.0,0.0,0.0,-0.0,0.0,2019.0,0.0,0.0,0.0,-0.0,0.0,-0.0,-0.0,0.0,0.07000000000000028,0.0014375195000382332,0.0,0.09000000000000341,0.0018191010574727313,0.0,0.0,0.0,0.0,0.0,0.0,0.0,0.0,0.0,0.0,0.0,0.0,0.0,0.0,0.0,0.0,0.0
40,2024-02-29,2024-03-01,1,48.73,48.72,49.52,49.62,1.0184729064039408,1.0148581060550328,1.0150383705198327,49.443886927001195,1.0,1.0,1.0,49.62,-0.0035555491308881548,0.0,-0.0035555491308881548,False,False,True,0,0,2045.0,0.0,0.0,0.0,-0.0,0.0,2015.0,0.0,0.0,0.0,-0.0,0.0,-0.0,-0.0,0.0,-0.00999999999999801,-0.00020523345377320698,-0.0,0.09999999999999432,0.0020173498873142536,0.0,0.0,0.0,0.0,0.0,0.0,0.0,0.0,0.0,0.0,0.0,0.0,0.0,0.0,0.0,0.0,0.0
41,2024-03-01,2024-03-04,3,48.72,48.68,49.62,49.66,1.0201314708299096,1.0150383705198327,1.015267211764971,49.41206787690545,1.0,1.0,1.0,49.66,-0.005005096713661078,0.0,-0.005005096713661078,False,False,False,0,0,2044.0,0.0,0.0,0.0,-0.0,0.0,2014.0,0.0,0.0,0.0,-0.0,0.0,-0.0,-0.0,0.0,-0.03999999999999915,-0.0008213552823151038,-0.0,0.03999999999999915,0.0008058018163655691,0.0,0.0,0.0,0.0,0.0,0.0,0.0,0.0,0.0,0.0,0.0,0.0,0.0,0.0,0.0,0.0,0.0
42,2024-03-04,2024-03-05,1,48.68,48.95,49.66,49.77,1.0167517875383043,1.015267211764971,1.0152721531155706,49.69733001589533,1.0,1.0,1.0,49.77,-0.0014611832251373322,0.0,-0.0014611832251373322,False,False,True,0,0,2040.0,0.0,0.0,0.0,-0.0,0.0,2009.0,0.0,0.0,0.0,-0.0,0.0,-0.0,-0.0,0.0,0.2700000000000031,0.0055311008571929795,0.0,0.11000000000000654,0.0022126127904423024,0.0,0.0,0.0,0.0,0.0,0.0,0.0,0.0,0.0,0.0,0.0,0.0,0.0,0.0,0.0,0.0,0.0
43,2024-03-05,2024-03-06,1,48.95,48.99,49.77,49.8,1.0165339865278626,1.0152721531155706,1.0153814923271862,49.738182781131805,1.0,1.0,1.0,49.8,-0.0012420806787595783,0.0,-0.0012420806787595783,False,False,True,0,0,2039.0,0.0,0.0,0.0,-0.0,0.0,2008.0,0.0,0.0,0.0,-0.0,0.0,-0.0,-0.0,0.0,0.03999999999999915,0.0008168266739639397,0.0,0.02999999999999403,0.0006025911601442921,0.0,0.0,0.0,0.0,0.0,0.0,0.0,0.0,0.0,0.0,0.0,0.0,0.0,0.0,0.0,0.0,0.0
44,2024-03-06,2024-03-07,1,48.99,49.06,49.8,49.84,1.015898899306971,1.0153814923271862,1.0154989583354417,49.81461601357176,1.0,1.0,1.0,49.84,-0.0005094392611733982,0.0,-0.0005094392611733982,False,False,True,0,0,2037.0,0.0,0.0,0.0,-0.0,0.0,2006.0,0.0,0.0,0.0,-0.0,0.0,-0.0,-0.0,0.0,0.07000000000000028,0.0014278431798598775,0.0,0.04000000000000625,0.0008028904485905621,0.0,0.0,0.0,0.0,0.0,0.0,0.0,0.0,0.0,0.0,0.0,0.0,0.0,0.0,0.0,0.0,0.0
45,2024-03-07,2024-03-08,1,49.06,49.1,49.84,49.87,1.015682281059063,1.0154989583354417,1.015542331647654,49.860998854270186,1.0,1.0,1.0,49.87,-0.00018050848497774282,0.0,-0.00018050848497774282,False,False,True,0,0,2036.0,0.0,0.0,0.0,-0.0,0.0,2005.0,0.0,0.0,0.0,-0.0,0.0,-0.0,-0.0,0.0,0.03999999999999915,0.0008149959701315723,0.0,0.02999999999999403,0.0006017450788333447,0.0,0.0,0.0,0.0,0.0,0.0,0.0,0.0,0.0,0.0,0.0,0.0,0.0,0.0,0.0,0.0,0.0
46,2024-03-08,2024-03-11,3,49.1,49.03,49.87,49.83,1.0163165408933306,1.015542331647654,1.0156382903253935,49.79204052068447,1.0,1.0,1.0,49.83,-0.0007620699386242097,0.0,-0.0007620699386242097,False,False,True,0,0,2038.0,0.0,0.0,0.0,-0.0,0.0,2007.0,0.0,0.0,0.0,-0.0,0.0,-0.0,-0.0,0.0,-0.07000000000000028,-0.0014266791373329785,-0.0,-0.03999999999999915,-0.000802407264718004,-0.0,0.0,0.0,0.0,0.0,0.0,0.0,0.0,0.0,0.0,0.0,0.0,0.0,0.0,0.0,0.0,0.0
47,2024-03-11,2024-03-12,1,49.03,49.03,49.83,49.81,1.0159086273709974,1.0156382903253935,1.015724866136105,49.796745374654044,1.0,1.0,1.0,49.81,-0.00026613911285503156,0.0,-0.00026613911285503156,False,False,True,0,0,2039.0,0.0,0.0,0.0,-0.0,0.0,2008.0,0.0,0.0,0.0,-0.0,0.0,-0.0,-0.0,0.0,0.0,0.0,0.0,-0.01999999999999602,-0.00040144520812107913,-0.0,0.0,0.0,0.0,0.0,0.0,0.0,0.0,0.0,0.0,0.0,0.0,0.0,0.0,0.0,0.0,0.0
48,2024-03-12,2024-03-13,1,49.03,48.98,49.81,49.72,1.0151082074316047,1.015724866136105,1.0157583293129657,49.75020394334641,1.0,1.0,1.0,49.72,0.0006072963174359751,0.0,0.0006072963174359751,False,False,True,0,0,2043.0,0.0,0.0,0.0,-0.0,0.0,2011.0,0.0,0.0,0.0,-0.0,0.0,-0.0,-0.0,0.0,-0.05000000000000426,-0.0010203041391202683,-0.0,-0.09000000000000341,-0.0018085004426817404,-0.0,0.0,0.0,0.0,0.0,0.0,0.0,0.0,0.0,0.0,0.0,0.0,0.0,0.0,0.0,0.0,0.0
49,2024-03-13,2024-03-14,1,48.98,48.81,49.72,49.54,1.0149559516492521,1.0157583293129657,1.0157990147822902,49.57916405376586,1.0,1.0,1.0,49.54,0.0007902418503594892,0.0,0.0007902418503594892,False,False,True,0,0,2051.0,0.0,0.0,0.0,-0.0,0.0,2019.0,0.0,0.0,0.0,-0.0,0.0,-0.0,-0.0,0.0,-0.1699999999999946,-0.0034768416249654774,-0.0,-0.17999999999999972,-0.0036268425812968704,-0.0,0.0,0.0,0.0,0.0,0.0,0.0,0.0,0.0,0.0,0.0,0.0,0.0,0.0,0.0,0.0,0.0
50,2024-03-14,2024-03-15,1,48.81,48.8,49.54,49.57,1.0157786885245903,1.0157990147822902,1.015911442443452,49.57099192137576,1.0,1.0,1.0,49.57,2.0010317761993533e-05,0.0,2.0010317761993533e-05,False,False,True,0,0,2049.0,0.0,0.0,0.0,-0.0,0.0,2017.0,0.0,0.0,0.0,-0.0,0.0,-0.0,-0.0,0.0,-0.010000000000005116,-0.00020489703995473882,-0.0,0.030000000000001137,0.0006053879712690059,0.0,0.0,0.0,0.0,0.0,0.0,0.0,0.0,0.0,0.0,0.0,0.0,0.0,0.0,0.0,0.0,0.0
51,2024-03-15,2024-03-18,3,48.8,48.8,49.57,49.56,1.0155737704918033,1.015911442443452,1.0160016804953749,49.57647839124046,1.0,1.0,1.0,49.56,0.0003324385061809334,0.0,0.0003324385061809334,False,False,True,0,0,2050.0,0.0,0.0,0.0,-0.0,0.0,2018.0,0.0,0.0,0.0,-0.0,0.0,-0.0,-0.0,0.0,0.0,0.0,0.0,-0.00999999999999801,-0.00020175527154072978,-0.0,0.0,0.0,0.0,0.0,0.0,0.0,0.0,0.0,0.0,0.0,0.0,0.0,0.0,0.0,0.0,0.0
52,2024-03-18,2024-03-19,1,48.8,48.86,49.56,49.64,1.015963978714695,1.0160016804953749,1.0160808983300413,49.64184210900402,1.0,1.0,1.0,49.64,3.7108678990888265e-05,0.0,3.7108678990888265e-05,False,False,True,0,0,2047.0,0.0,0.0,0.0,-0.0,0.0,2015.0,0.0,0.0,0.0,-0.0,0.0,-0.0,-0.0,0.0,0.060000000000002274,0.0012287529704929014,0.0,0.0799999999999983,0.001612903575464779,0.0,0.0,0.0,0.0,0.0,0.0,0.0,0.0,0.0,0.0,0.0,0.0,0.0,0.0,0.0,0.0,0.0
53,2024-03-19,2024-03-20,1,48.86,48.96,49.64,49.7,1.0151143790849673,1.0160808983300413,1.0160010488914692,49.74732078223882,1.0,1.0,1.0,49.7,0.0009516754285200254,0.0,0.0009516754285200254,False,False,True,0,0,2044.0,0.0,0.0,0.0,-0.0,0.0,2012.0,0.0,0.0,0.0,-0.0,0.0,-0.0,-0.0,0.0,0.10000000000000142,0.0020445723744762284,0.0,0.060000000000002274,0.001207972766176587,0.0,0.0,0.0,0.0,0.0,0.0,0.0,0.0,0.0,0.0,0.0,0.0,0.0,0.0,0.0,0.0,0.0
54,2024-03-20,2024-03-21,1,48.96,48.97,49.7,49.72,1.0153154992852766,1.0160010488914692,1.015984930851618,49.75357136421525,1.0,1.0,1.0,49.72,0.0006749806009662736,0.0,0.0006749806009662736,False,False,True,0,0,2043.0,0.0,0.0,0.0,-0.0,0.0,2011.0,0.0,0.0,0.0,-0.0,0.0,-0.0,-0.0,0.0,0.00999999999999801,0.00020422751015525224,0.0,0.01999999999999602,0.0004023335399272571,0.0,0.0,0.0,0.0,0.0,0.0,0.0,0.0,0.0,0.0,0.0,0.0,0.0,0.0,0.0,0.0,0.0
55,2024-03-21,2024-03-22,1,48.97,49.17,49.72,49.88,1.0144396990034574,1.015984930851618,1.0159996587292202,49.95597904997406,1.0,1.0,1.0,49.88,0.001522077819351118,0.0,0.001522077819351118,False,False,True,0,0,2037.0,0.0,0.0,0.0,-0.0,0.0,2005.0,0.0,0.0,0.0,-0.0,0.0,-0.0,-0.0,0.0,0.20000000000000284,0.004075815709622135,0.0,0.1600000000000037,0.003212854169325343,0.0,0.0,0.0,0.0,0.0,0.0,0.0,0.0,0.0,0.0,0.0,0.0,0.0,0.0,0.0,0.0,0.0
56,2024-03-22,2024-03-25,3,49.17,49.03,49.88,49.78,1.0152967570874976,1.0159996587292202,1.016025125049399,49.814463267493664,1.0,1.0,1.0,49.78,0.0006920719834927583,0.0,0.0006920719834927583,False,False,True,0,0,2041.0,0.0,0.0,0.0,-0.0,0.0,2009.0,0.0,0.0,0.0,-0.0,0.0,-0.0,-0.0,0.0,-0.14000000000000057,-0.002851325760706148,-0.0,-0.10000000000000142,-0.0020068238723898323,-0.0,0.0,0.0,0.0,0.0,0.0,0.0,0.0,0.0,0.0,0.0,0.0,0.0,0.0,0.0,0.0,0.0
57,2024-03-25,2024-03-26,1,49.03,49.09,49.78,49.79,1.014259523324506,1.016025125049399,1.0159769409605328,49.876673388675,1.0,1.0,1.0,49.79,0.0017392656457236601,0.0,0.0017392656457236601,False,False,True,0,0,2040.0,0.0,0.0,0.0,-0.0,0.0,2008.0,0.0,0.0,0.0,-0.0,0.0,-0.0,-0.0,0.0,0.060000000000002274,0.0012229924068193647,0.0,0.00999999999999801,0.00020086371464542158,0.0,0.0,0.0,0.0,0.0,0.0,0.0,0.0,0.0,0.0,0.0,0.0,0.0,0.0,0.0,0.0,0.0
58,2024-03-26,2024-03-27,1,49.09,49.24,49.79,49.97,1.014825345247766,1.0159769409605328,1.015927003948363,50.02670457289664,1.0,1.0,1.0,49.97,0.0011341289538859482,0.0,0.0011341289538859482,False,False,True,0,0,2033.0,0.0,0.0,0.0,-0.0,0.0,2001.0,0.0,0.0,0.0,-0.0,0.0,-0.0,-0.0,0.0,0.14999999999999858,0.003050953246291566,0.0,0.17999999999999972,0.003608664702022218,0.0,0.0,0.0,0.0,0.0,0.0,0.0,0.0,0.0,0.0,0.0,0.0,0.0,0.0,0.0,0.0,0.0
59,2024-03-27,2024-03-28,1,49.24,49.19,49.97,49.95,1.015450294775361,1.015927003948363,1.015888929727558,49.97344932421997,1.0,1.0,1.0,49.95,0.0004693457803752826,0.0,0.0004693457803752826,True,False,True,0,0,2034.0,0.0,0.0,0.0,-0.0,0.0,2002.0,0.0,0.0,0.0,-0.0,0.0,-0.0,-0.0,0.0,-0.05000000000000426,-0.0010159505090044472,-0.0,-0.01999999999999602,-0.00040032026155101616,-0.0,0.0,0.0,0.0,0.0,0.0,0.0,0.0,0.0,0.0,0.0,0.0,0.0,0.0,0.0,0.0,0.0
60,2024-03-28,2024-04-01,4,49.19,48.88,49.95,49.78,1.0184124386252045,1.015888929727558,1.015885906338621,49.65665088508304,1.0,1.0,1.0,49.78,-0.0024809600300999077,0.0,-0.0024809600300999077,False,False,True,0,0,2041.0,0.0,0.0,0.0,-0.0,0.0,2009.0,0.0,0.0,0.0,-0.0,0.0,-0.0,-0.0,0.0,-0.30999999999999517,-0.006322035943908487,-0.0,-0.1700000000000017,-0.0034092081551165693,-0.0,0.0,0.0,0.0,0.0,0.0,0.0,0.0,0.0,0.0,0.0,0.0,0.0,0.0,0.0,0.0,0.0
61,2024-04-01,2024-04-02,1,48.88,48.84,49.78,49.76,1.0188370188370188,1.015885906338621,1.0158211837389766,49.61586766557825,1.0,1.0,1.0,49.76,-0.002900753248706161,0.0,-0.002900753248706161,False,False,True,0,0,2042.0,0.0,0.0,0.0,-0.0,0.0,2010.0,0.0,0.0,0.0,-0.0,0.0,-0.0,-0.0,0.0,-0.03999999999999915,-0.000818665620835881,-0.0,-0.020000000000003126,-0.0004018485085219599,-0.0,0.0,0.0,0.0,0.0,0.0,0.0,0.0,0.0,0.0,0.0,0.0,0.0,0.0,0.0,0.0,0.0
62,2024-04-02,2024-04-03,1,48.84,48.92,49.76,49.78,1.017579721995094,1.0158211837389766,1.015862580461816,49.69397230851074,1.0,1.0,1.0,49.78,-0.001729652710959712,0.0,-0.001729652710959712,False,False,True,0,0,2041.0,0.0,0.0,0.0,-0.0,0.0,2009.0,0.0,0.0,0.0,-0.0,0.0,-0.0,-0.0,0.0,0.0799999999999983,0.001636661576467578,0.0,0.020000000000003126,0.00040184850852202094,0.0,0.0,0.0,0.0,0.0,0.0,0.0,0.0,0.0,0.0,0.0,0.0,0.0,0.0,0.0,0.0,0.0
63,2024-04-03,2024-04-04,1,48.92,49.07,49.78,49.92,1.0173221927858163,1.015862580461816,1.0159019907747138,49.84837682326131,1.0,1.0,1.0,49.92,-0.0014357894018819188,0.0,-0.0014357894018819188,False,False,True,0,0,2035.0,0.0,0.0,0.0,-0.0,0.0,2003.0,0.0,0.0,0.0,-0.0,0.0,-0.0,-0.0,0.0,0.14999999999999858,0.003061539282840329,0.0,0.14000000000000057,0.0028084271217261856,0.0,0.0,0.0,0.0,0.0,0.0,0.0,0.0,0.0,0.0,0.0,0.0,0.0,0.0,0.0,0.0,0.0
64,2024-04-04,2024-04-05,1,49.07,48.93,49.92,49.74,1.0165542611894545,1.0159019907747138,1.0159347588688379,49.708084408606744,1.0,1.0,1.0,49.74,-0.0006418543439777017,0.0,-0.0006418543439777017,False,False,True,0,0,2042.0,0.0,0.0,0.0,-0.0,0.0,2010.0,0.0,0.0,0.0,-0.0,0.0,-0.0,-0.0,0.0,-0.14000000000000057,-0.0028571448007798914,-0.0,-0.17999999999999972,-0.0036122856859136607,-0.0,0.0,0.0,0.0,0.0,0.0,0.0,0.0,0.0,0.0,0.0,0.0,0.0,0.0,0.0,0.0,0.0
65,2024-04-05,2024-04-08,3,48.93,48.88,49.74,49.66,1.0159574468085104,1.0159347588688379,1.01594851715631,49.6588910135088,1.0,1.0,1.0,49.66,-2.2331833952736603e-05,0.0,-2.2331833952736603e-05,False,False,True,0,0,2046.0,0.0,0.0,0.0,-0.0,0.0,2014.0,0.0,0.0,0.0,-0.0,0.0,-0.0,-0.0,0.0,-0.04999999999999716,-0.0010223904376922784,-0.0,-0.0800000000000054,-0.0016096582952382066,-0.0,0.0,0.0,0.0,0.0,0.0,0.0,0.0,0.0,0.0,0.0,0.0,0.0,0.0,0.0,0.0,0.0
66,2024-04-08,2024-04-09,1,48.88,49.0,49.66,49.81,1.016530612244898,1.01594851715631,1.0159592207238886,49.781477340659194,1.0,1.0,1.0,49.81,-0.0005727931923950387,0.0,-0.0005727931923950387,False,False,True,0,0,2040.0,0.0,0.0,0.0,-0.0,0.0,2008.0,0.0,0.0,0.0,-0.0,0.0,-0.0,-0.0,0.0,0.11999999999999744,0.0024519832472866244,0.0,0.15000000000000568,0.003015987005171601,0.0,0.0,0.0,0.0,0.0,0.0,0.0,0.0,0.0,0.0,0.0,0.0,0.0,0.0,0.0,0.0,0.0
67,2024-04-09,2024-04-10,1,49.0,48.73,49.81,49.54,1.0166222039811206,1.0159592207238886,1.0159948995543948,49.50769282587509,1.0,1.0,1.0,49.54,-0.000652355937809572,0.0,-0.000652355937809572,False,False,True,0,0,2051.0,0.0,0.0,0.0,-0.0,0.0,2019.0,0.0,0.0,0.0,-0.0,0.0,-0.0,-0.0,0.0,-0.2700000000000031,-0.005525441255211863,-0.0,-0.2700000000000031,-0.005435343023978554,-0.0,0.0,0.0,0.0,0.0,0.0,0.0,0.0,0.0,0.0,0.0,0.0,0.0,0.0,0.0,0.0,0.0
68,2024-04-10,2024-04-11,1,48.73,48.71,49.54,49.56,1.0174502155614864,1.0159948995543948,1.0161119999608887,49.48911155729457,1.0,1.0,1.0,49.56,-0.0014313799224283457,0.0,-0.0014313799224283457,False,False,True,0,0,2050.0,0.0,0.0,0.0,-0.0,0.0,2018.0,0.0,0.0,0.0,-0.0,0.0,-0.0,-0.0,0.0,-0.01999999999999602,-0.0004105090369634753,-0.0,0.020000000000003126,0.0004036326997282609,0.0,0.0,0.0,0.0,0.0,0.0,0.0,0.0,0.0,0.0,0.0,0.0,0.0,0.0,0.0,0.0,0.0
69,2024-04-11,2024-04-12,1,48.71,48.88,49.56,49.73,1.0173895253682486,1.0161119999608887,1.0162336786468384,49.66755455808824,1.0,1.0,1.0,49.73,-0.0012564786006013576,0.0,-0.0012564786006013576,False,False,True,0,0,2043.0,0.0,0.0,0.0,-0.0,0.0,2011.0,0.0,0.0,0.0,-0.0,0.0,-0.0,-0.0,0.0,0.1700000000000017,0.003483967044888602,0.0,0.1699999999999946,0.0034243159657054594,0.0,0.0,0.0,0.0,0.0,0.0,0.0,0.0,0.0,0.0,0.0,0.0,0.0,0.0,0.0,0.0,0.0
70,2024-04-12,2024-04-15,3,48.88,48.68,49.73,49.54,1.0176663927691043,1.0162336786468384,1.0163280638590644,49.470255476528095,1.0,1.0,1.0,49.54,-0.0014088345630875738,0.0,-0.0014088345630875738,False,False,True,0,0,2052.0,0.0,0.0,0.0,-0.0,0.0,2019.0,0.0,0.0,0.0,-0.0,0.0,-0.0,-0.0,0.0,-0.20000000000000284,-0.0041000467440135465,-0.0,-0.18999999999999773,-0.003827948665433637,-0.0,0.0,0.0,0.0,0.0,0.0,0.0,0.0,0.0,0.0,0.0,0.0,0.0,0.0,0.0,0.0,0.0
71,2024-04-15,2024-04-16,1,48.68,48.55,49.54,49.43,1.0181256436663235,1.0163280638590644,1.0164556575177903,49.342727500357576,1.0,1.0,1.0,49.43,-0.0017671380463427956,0.0,-0.0017671380463427956,False,False,True,0,0,2056.0,0.0,0.0,0.0,-0.0,0.0,2023.0,0.0,0.0,0.0,-0.0,0.0,-0.0,-0.0,0.0,-0.13000000000000256,-0.0026740733819925664,-0.0,-0.10999999999999943,-0.002222896742345579,-0.0,0.0,0.0,0.0,0.0,0.0,0.0,0.0,0.0,0.0,0.0,0.0,0.0,0.0,0.0,0.0,0.0
72,2024-04-16,2024-04-17,1,48.55,48.61,49.43,49.55,1.0193375848590824,1.0164556575177903,1.0166243378250097,49.40990951193979,1.0,1.0,1.0,49.55,-0.002831259291401904,0.0,-0.002831259291401904,False,False,True,0,0,2051.0,0.0,0.0,0.0,-0.0,0.0,2018.0,0.0,0.0,0.0,-0.0,0.0,-0.0,-0.0,0.0,0.060000000000002274,0.001235076320030301,0.0,0.11999999999999744,0.00242473345712899,0.0,0.0,0.0,0.0,0.0,0.0,0.0,0.0,0.0,0.0,0.0,0.0,0.0,0.0,0.0,0.0,0.0
73,2024-04-17,2024-04-18,1,48.61,48.54,49.55,49.48,1.019365471775855,1.0166243378250097,1.016836892459554,49.34694535802597,1.0,1.0,1.0,49.48,-0.0026926810675987727,0.0,-0.0026926810675987727,False,False,True,0,0,2055.0,0.0,0.0,0.0,-0.0,0.0,2021.0,0.0,0.0,0.0,-0.0,0.0,-0.0,-0.0,0.0,-0.07000000000000028,-0.0014410707589087685,-0.0,-0.07000000000000028,-0.0014137132517098156,-0.0,0.0,0.0,0.0,0.0,0.0,0.0,0.0,0.0,0.0,0.0,0.0,0.0,0.0,0.0,0.0,0.0
74,2024-04-18,2024-04-19,1,48.54,48.59,49.48,49.51,1.0189339370240789,1.016836892459554,1.0170178143464943,49.40810460460974,1.0,1.0,1.0,49.51,-0.002060197813900168,0.0,-0.002060197813900168,False,False,True,0,0,2054.0,0.0,0.0,0.0,-0.0,0.0,2020.0,0.0,0.0,0.0,-0.0,0.0,-0.0,-0.0,0.0,0.05000000000000426,0.0010295481193563789,0.0,0.030000000000001137,0.0006061218490446624,0.0,0.0,0.0,0.0,0.0,0.0,0.0,0.0,0.0,0.0,0.0,0.0,0.0,0.0,0.0,0.0,0.0
75,2024-04-19,2024-04-22,3,48.59,48.65,49.51,49.59,1.019321685508736,1.0170178143464943,1.0172619136717582,49.47791666795695,1.0,1.0,1.0,49.59,-0.002262758391127656,0.0,-0.002262758391127656,False,False,True,0,0,2051.0,0.0,0.0,0.0,-0.0,0.0,2017.0,0.0,0.0,0.0,-0.0,0.0,-0.0,-0.0,0.0,0.05999999999999517,0.0012340602142022507,0.0,0.0800000000000054,0.0016145311277108996,0.0,0.0,0.0,0.0,0.0,0.0,0.0,0.0,0.0,0.0,0.0,0.0,0.0,0.0,0.0,0.0,0.0
76,2024-04-22,2024-04-23,1,48.65,48.58,49.59,49.54,1.0197612186084808,1.0172619136717582,1.0174851367478073,49.41858376617401,1.0,1.0,1.0,49.54,-0.0024538810102386296,0.0,-0.0024538810102386296,False,False,True,0,0,2054.0,0.0,0.0,0.0,-0.0,0.0,2019.0,0.0,0.0,0.0,-0.0,0.0,-0.0,-0.0,0.0,-0.07000000000000028,-0.0014398850579876432,-0.0,-0.05000000000000426,-0.00100877643982907,-0.0,0.0,0.0,0.0,0.0,0.0,0.0,0.0,0.0,0.0,0.0,0.0,0.0,0.0,0.0,0.0,0.0
77,2024-04-23,2024-04-24,1,48.58,48.37,49.54,49.35,1.0202604920405212,1.0174851367478073,1.017785185183608,49.21575606449144,1.0,1.0,1.0,49.35,-0.0027239484355407297,0.0,-0.0027239484355407297,False,False,True,0,0,2061.0,0.0,0.0,0.0,-0.0,0.0,2026.0,0.0,0.0,0.0,-0.0,0.0,-0.0,-0.0,0.0,-0.21000000000000085,-0.00433213673913457,-0.0,-0.18999999999999773,-0.003842658181722831,-0.0,0.0,0.0,0.0,0.0,0.0,0.0,0.0,0.0,0.0,0.0,0.0,0.0,0.0,0.0,0.0,0.0
78,2024-04-24,2024-04-25,1,48.37,48.31,49.35,49.28,1.0200786586628028,1.017785185183608,1.01804785085436,49.1692022962201,1.0,1.0,1.0,49.28,-0.0022508613167854723,0.0,-0.0022508613167854723,False,False,True,0,0,2065.0,0.0,0.0,0.0,-0.0,0.0,2029.0,0.0,0.0,0.0,-0.0,0.0,-0.0,-0.0,0.0,-0.05999999999999517,-0.0012412082685764605,-0.0,-0.07000000000000028,-0.0014194466542262543,-0.0,0.0,0.0,0.0,0.0,0.0,0.0,0.0,0.0,0.0,0.0,0.0,0.0,0.0,0.0,0.0,0.0
79,2024-04-25,2024-04-26,1,48.31,48.44,49.28,49.42,1.0202312138728324,1.01804785085436,1.0182868968092333,49.3142378953852,1.0,1.0,1.0,49.42,-0.0021423600834045028,0.0,-0.0021423600834045028,False,False,True,0,0,2060.0,0.0,0.0,0.0,-0.0,0.0,2023.0,0.0,0.0,0.0,-0.0,0.0,-0.0,-0.0,0.0,0.12999999999999545,0.00268734011857615,0.0,0.14000000000000057,0.0028368813351997567,0.0,0.0,0.0,0.0,0.0,0.0,0.0,0.0,0.0,0.0,0.0,0.0,0.0,0.0,0.0,0.0,0.0
80,2024-04-26,2024-04-29,3,48.44,48.56,49.42,49.47,1.0187397034596375,1.0182868968092333,1.0183032600509552,49.448011709056374,1.0,1.0,1.0,49.47,-0.00044457608732496716,0.0,-0.00044457608732496716,False,False,True,0,0,2058.0,0.0,0.0,0.0,-0.0,0.0,2021.0,0.0,0.0,0.0,-0.0,0.0,-0.0,-0.0,0.0,0.12000000000000455,0.0024742280663515004,0.0,0.04999999999999716,0.001011224679153111,0.0,0.0,0.0,0.0,0.0,0.0,0.0,0.0,0.0,0.0,0.0,0.0,0.0,0.0,0.0,0.0,0.0
81,2024-04-29,2024-04-30,1,48.56,48.41,49.47,49.44,1.0212765957446808,1.0183032600509552,1.0184252388963382,49.29606081906674,1.0,1.0,1.0,49.44,-0.0029156375433133223,0.0,-0.0029156375433133223,True,False,True,0,0,2060.0,0.0,0.0,0.0,-0.0,0.0,2023.0,0.0,0.0,0.0,-0.0,0.0,-0.0,-0.0,0.0,-0.15000000000000568,-0.003093742799639919,-0.0,-0.030000000000001137,-0.0006066120901818918,-0.0,0.0,0.0,0.0,0.0,0.0,0.0,0.0,0.0,0.0,0.0,0.0,0.0,0.0,0.0,0.0,0.0
82,2024-04-30,2024-05-01,1,48.41,48.41,49.44,49.53,1.0231357157612064,1.0184252388963382,1.0187030385846438,49.30196581497173,1.0,1.0,1.0,49.53,-0.004614591803433277,0.0,-0.004614591803433277,False,False,False,0,0,2056.0,0.0,0.0,0.0,-0.0,0.0,2019.0,0.0,0.0,0.0,-0.0,0.0,-0.0,-0.0,0.0,0.0,0.0,0.0,0.09000000000000341,0.0018187334507111384,0.0,0.0,0.0,0.0,0.0,0.0,0.0,0.0,0.0,0.0,0.0,0.0,0.0,0.0,0.0,0.0,0.0
83,2024-05-01,2024-05-02,1,48.41,48.51,49.53,49.57,1.0218511647083075,1.0187030385846438,1.0189294871807681,49.41728440174107,1.0,1.0,1.0,49.57,-0.003085562359753868,0.0,-0.003085562359753868,False,False,True,0,0,2055.0,0.0,0.0,0.0,-0.0,0.0,2017.0,0.0,0.0,0.0,-0.0,0.0,-0.0,-0.0,0.0,0.10000000000000142,0.002063558305522174,0.0,0.03999999999999915,0.0008072654323361265,0.0,0.0,0.0,0.0,0.0,0.0,0.0,0.0,0.0,0.0,0.0,0.0,0.0,0.0,0.0,0.0,0.0
84,2024-05-02,2024-05-03,1,48.51,48.68,49.57,49.69,1.0207477403451108,1.0189294871807681,1.0191391611385512,49.60148743595979,1.0,1.0,1.0,49.69,-0.001782883704775664,0.0,-0.001782883704775664,False,False,True,0,0,2050.0,0.0,0.0,0.0,-0.0,0.0,2012.0,0.0,0.0,0.0,-0.0,0.0,-0.0,-0.0,0.0,0.1700000000000017,0.0034983058622012047,0.0,0.11999999999999744,0.002417893581746654,0.0,0.0,0.0,0.0,0.0,0.0,0.0,0.0,0.0,0.0,0.0,0.0,0.0,0.0,0.0,0.0,0.0
85,2024-05-03,2024-05-06,3,48.68,48.75,49.69,49.71,1.0196923076923077,1.0191391611385512,1.0193259041827412,49.68303410550437,1.0,1.0,1.0,49.71,-0.0005426113690951543,0.0,-0.0005426113690951543,False,False,True,0,0,2051.0,0.0,0.0,0.0,-0.0,0.0,2012.0,0.0,0.0,0.0,-0.0,0.0,-0.0,-0.0,0.0,0.07000000000000028,0.0014369293245296813,0.0,0.020000000000003126,0.0004024144923520309,0.0,0.0,0.0,0.0,0.0,0.0,0.0,0.0,0.0,0.0,0.0,0.0,0.0,0.0,0.0,0.0,0.0
86,2024-05-06,2024-05-07,1,48.75,48.85,49.71,49.86,1.020675537359263,1.0193259041827412,1.0195331504384595,49.79407041932691,1.0,1.0,1.0,49.86,-0.0013231690389497604,0.0,-0.0013231690389497604,False,False,True,0,0,2045.0,0.0,0.0,0.0,-0.0,0.0,2006.0,0.0,0.0,0.0,-0.0,0.0,-0.0,-0.0,0.0,0.10000000000000142,0.0020491810449356452,0.0,0.14999999999999858,0.0030129579888306317,0.0,0.0,0.0,0.0,0.0,0.0,0.0,0.0,0.0,0.0,0.0,0.0,0.0,0.0,0.0,0.0,0.0
87,2024-05-07,2024-05-08,1,48.85,48.8,49.86,49.84,1.0213114754098362,1.0195331504384595,1.019767614009895,49.75321774139682,1.0,1.0,1.0,49.84,-0.0017427347471102971,0.0,-0.0017427347471102971,False,False,True,0,0,2045.0,0.0,0.0,0.0,-0.0,0.0,2006.0,0.0,0.0,0.0,-0.0,0.0,-0.0,-0.0,0.0,-0.05000000000000426,-0.001024065629690368,-0.0,-0.01999999999999602,-0.0004012036162140027,-0.0,0.0,0.0,0.0,0.0,0.0,0.0,0.0,0.0,0.0,0.0,0.0,0.0,0.0,0.0,0.0,0.0
88,2024-05-08,2024-05-09,1,48.8,48.78,49.84,49.8,1.020910209102091,1.019767614009895,1.0199406136869253,49.74426421140268,1.0,1.0,1.0,49.8,-0.0011198193057777377,0.0,-0.0011198193057777377,False,False,True,0,0,2048.0,0.0,0.0,0.0,-0.0,0.0,2008.0,0.0,0.0,0.0,-0.0,0.0,-0.0,-0.0,0.0,-0.01999999999999602,-0.00040992007132715255,-0.0,-0.04000000000000625,-0.0008028904485906241,-0.0,0.0,0.0,0.0,0.0,0.0,0.0,0.0,0.0,0.0,0.0,0.0,0.0,0.0,0.0,0.0,0.0
89,2024-05-09,2024-05-10,1,48.78,48.66,49.8,49.67,1.0207562679819155,1.0199406136869253,1.0201089508176087,49.630310262005786,1.0,1.0,1.0,49.67,-0.0007993880382255674,0.0,-0.0007993880382255674,False,False,True,0,0,2053.0,0.0,0.0,0.0,-0.0,0.0,2013.0,0.0,0.0,0.0,-0.0,0.0,-0.0,-0.0,0.0,-0.12000000000000455,-0.0024630554323977483,-0.0,-0.12999999999999545,-0.0026138549113479776,-0.0,0.0,0.0,0.0,0.0,0.0,0.0,0.0,0.0,0.0,0.0,0.0,0.0,0.0,0.0,0.0,0.0
90,2024-05-10,2024-05-13,3,48.66,48.67,49.67,49.71,1.021368399424697,1.0201089508176087,1.0202940511503882,49.64870263629302,1.0,1.0,1.0,49.71,-0.0012338601422365978,0.0,-0.0012338601422365978,False,False,True,0,0,2052.0,0.0,0.0,0.0,-0.0,0.0,2012.0,0.0,0.0,0.0,-0.0,0.0,-0.0,-0.0,0.0,0.010000000000005116,0.00020548648998650434,0.0,0.03999999999999915,0.0008049909873220916,0.0,0.0,0.0,0.0,0.0,0.0,0.0,0.0,0.0,0.0,0.0,0.0,0.0,0.0,0.0,0.0,0.0
91,2024-05-13,2024-05-14,1,48.67,48.6,49.71,49.68,1.0222222222222221,1.0202940511503882,1.0204988800781831,49.586290885908866,1.0,1.0,1.0,49.68,-0.001888035527301746,0.0,-0.001888035527301746,False,False,True,0,0,2054.0,0.0,0.0,0.0,-0.0,0.0,2013.0,0.0,0.0,0.0,-0.0,0.0,-0.0,-0.0,0.0,-0.07000000000000028,-0.0014392929389148885,-0.0,-0.030000000000001137,-0.0006036824813579186,-0.0,0.0,0.0,0.0,0.0,0.0,0.0,0.0,0.0,0.0,0.0,0.0,0.0,0.0,0.0,0.0,0.0
92,2024-05-14,2024-05-15,1,48.6,48.92,49.68,49.98,1.0216680294358134,1.0204988800781831,1.0206154023070197,49.92280521342472,1.0,1.0,1.0,49.98,-0.0011450087452866446,0.0,-0.0011450087452866446,False,False,True,0,0,2042.0,0.0,0.0,0.0,-0.0,0.0,2001.0,0.0,0.0,0.0,-0.0,0.0,-0.0,-0.0,0.0,0.3200000000000003,0.006562779912523582,0.0,0.29999999999999716,0.006020487781583025,0.0,0.0,0.0,0.0,0.0,0.0,0.0,0.0,0.0,0.0,0.0,0.0,0.0,0.0,0.0,0.0,0.0
93,2024-05-15,2024-05-16,1,48.92,48.86,49.98,49.86,1.0204666393778141,1.0206154023070197,1.0206704606871178,49.86726855672099,1.0,1.0,1.0,49.86,0.00014576869173406443,0.0,0.00014576869173406443,False,False,True,0,0,2047.0,0.0,0.0,0.0,-0.0,0.0,2006.0,0.0,0.0,0.0,-0.0,0.0,-0.0,-0.0,0.0,-0.060000000000002274,-0.0012272449893772704,-0.0,-0.11999999999999744,-0.002403847311394443,-0.0,0.0,0.0,0.0,0.0,0.0,0.0,0.0,0.0,0.0,0.0,0.0,0.0,0.0,0.0,0.0,0.0
94,2024-05-16,2024-05-17,1,48.86,48.73,49.86,49.78,1.021547301457008,1.0206704606871178,1.0208011289087642,49.73727154928324,1.0,1.0,1.0,49.78,-0.0008587143252058496,0.0,-0.0008587143252058496,False,False,True,0,0,2051.0,0.0,0.0,0.0,-0.0,0.0,2009.0,0.0,0.0,0.0,-0.0,0.0,-0.0,-0.0,0.0,-0.13000000000000256,-0.0026642089741797017,-0.0,-0.0799999999999983,-0.001605781155965852,-0.0,0.0,0.0,0.0,0.0,0.0,0.0,0.0,0.0,0.0,0.0,0.0,0.0,0.0,0.0,0.0,0.0
95,2024-05-17,2024-05-20,3,48.73,48.69,49.78,49.76,1.021975765044157,1.0208011289087642,1.0209338328855353,49.70280696656773,1.0,1.0,1.0,49.76,-0.0011500387226165375,0.0,-0.0011500387226165375,False,False,True,0,0,2052.0,0.0,0.0,0.0,-0.0,0.0,2010.0,0.0,0.0,0.0,-0.0,0.0,-0.0,-0.0,0.0,-0.03999999999999915,-0.0008211866608052959,-0.0,-0.020000000000003126,-0.0004018485085219599,-0.0,0.0,0.0,0.0,0.0,0.0,0.0,0.0,0.0,0.0,0.0,0.0,0.0,0.0,0.0,0.0,0.0
96,2024-05-20,2024-05-21,1,48.69,48.75,49.76,49.79,1.0213333333333334,1.0209338328855353,1.021012438621778,49.77052435316985,1.0,1.0,1.0,49.79,-0.0003912323123065272,0.0,-0.0003912323123065272,False,False,True,0,0,2050.0,0.0,0.0,0.0,-0.0,0.0,2008.0,0.0,0.0,0.0,-0.0,0.0,-0.0,-0.0,0.0,0.060000000000002274,0.0012315272492467364,0.0,0.030000000000001137,0.000602712223167362,0.0,0.0,0.0,0.0,0.0,0.0,0.0,0.0,0.0,0.0,0.0,0.0,0.0,0.0,0.0,0.0,0.0
97,2024-05-21,2024-05-22,1,48.75,48.64,49.79,49.7,1.0217927631578947,1.021012438621778,1.0210890521776466,49.66204501456328,1.0,1.0,1.0,49.7,-0.0007639735530243811,0.0,-0.0007639735530243811,False,False,True,0,0,2054.0,0.0,0.0,0.0,-0.0,0.0,2012.0,0.0,0.0,0.0,-0.0,0.0,-0.0,-0.0,0.0,-0.10999999999999943,-0.002258959785944572,-0.0,-0.0899999999999963,-0.0018092275515082818,-0.0,0.0,0.0,0.0,0.0,0.0,0.0,0.0,0.0,0.0,0.0,0.0,0.0,0.0,0.0,0.0,0.0
98,2024-05-22,2024-05-23,1,48.64,48.56,49.7,49.63,1.0220345963756179,1.0210890521776466,1.0211868490632874,49.58408437374652,1.0,1.0,1.0,49.63,-0.0009255869228919221,0.0,-0.0009255869228919221,False,False,True,0,0,2057.0,0.0,0.0,0.0,-0.0,0.0,2015.0,0.0,0.0,0.0,-0.0,0.0,-0.0,-0.0,0.0,-0.0799999999999983,-0.0016460909066686805,-0.0,-0.07000000000000028,-0.0014094435032336043,-0.0,0.0,0.0,0.0,0.0,0.0,0.0,0.0,0.0,0.0,0.0,0.0,0.0,0.0,0.0,0.0,0.0
99,2024-05-23,2024-05-24,1,48.56,48.59,49.63,49.66,1.022020991973657,1.0211868490632874,1.0212763379683285,49.61946899598514,1.0,1.0,1.0,49.66,-0.0008165032846470192,0.0,-0.0008165032846470192,False,False,True,0,0,2057.0,0.0,0.0,0.0,-0.0,0.0,2014.0,0.0,0.0,0.0,-0.0,0.0,-0.0,-0.0,0.0,0.030000000000001137,0.0006176016665688189,0.0,0.02999999999999403,0.000604290480671018,0.0,0.0,0.0,0.0,0.0,0.0,0.0,0.0,0.0,0.0,0.0,0.0,0.0,0.0,0.0,0.0,0.0
100,2024-05-24,2024-05-28,4,48.59,48.45,49.66,49.58,1.0233230134158926,1.0212763379683285,1.0215055034661413,49.48083857456552,1.0,1.0,1.0,49.58,-0.0020020314784803357,0.0,-0.0020020314784803357,False,False,True,0,0,2060.0,0.0,0.0,0.0,-0.0,0.0,2017.0,0.0,0.0,0.0,-0.0,0.0,-0.0,-0.0,0.0,-0.14000000000000057,-0.0028854100810364134,-0.0,-0.0799999999999983,-0.0016122534729760723,-0.0,0.0,0.0,0.0,0.0,0.0,0.0,0.0,0.0,0.0,0.0,0.0,0.0,0.0,0.0,0.0,0.0
101,2024-05-28,2024-05-29,1,48.45,48.24,49.58,49.41,1.0242537313432836,1.0215055034661413,1.0216543602460715,49.277425487206656,1.0,1.0,1.0,49.41,-0.00268675754564999,0.0,-0.00268675754564999,False,False,True,0,0,2068.0,0.0,0.0,0.0,-0.0,0.0,2024.0,0.0,0.0,0.0,-0.0,0.0,-0.0,-0.0,0.0,-0.21000000000000085,-0.004343785917845308,-0.0,-0.1700000000000017,-0.003434693749385779,-0.0,0.0,0.0,0.0,0.0,0.0,0.0,0.0,0.0,0.0,0.0,0.0,0.0,0.0,0.0,0.0,0.0
102,2024-05-29,2024-05-30,1,48.24,48.39,49.41,49.49,1.0227319694151684,1.0216543602460715,1.0216341729287695,49.4378544923074,1.0,1.0,1.0,49.49,-0.0010542129471947095,0.0,-0.0010542129471947095,False,False,True,0,0,2065.0,0.0,0.0,0.0,-0.0,0.0,2021.0,0.0,0.0,0.0,-0.0,0.0,-0.0,-0.0,0.0,0.14999999999999858,0.003104628386297237,0.0,0.0800000000000054,0.0016177961061362538,0.0,0.0,0.0,0.0,0.0,0.0,0.0,0.0,0.0,0.0,0.0,0.0,0.0,0.0,0.0,0.0,0.0
103,2024-05-30,2024-05-31,1,48.39,48.46,49.49,49.6,1.0235245563351218,1.0216341729287695,1.0217178425101103,49.50839202012817,1.0,1.0,1.0,49.6,-0.0018486427656350573,0.0,-0.0018486427656350573,True,False,True,0,0,2060.0,0.0,0.0,0.0,-0.0,0.0,2016.0,0.0,0.0,0.0,-0.0,0.0,-0.0,-0.0,0.0,0.07000000000000028,0.0014455345831524882,0.0,0.10999999999999943,0.002220204767087199,0.0,0.0,0.0,0.0,0.0,0.0,0.0,0.0,0.0,0.0,0.0,0.0,0.0,0.0,0.0,0.0,0.0
104,2024-05-31,2024-06-03,3,48.46,48.54,49.6,49.77,1.0253399258343634,1.0217178425101103,1.0219474517845728,49.59418407544076,1.0,1.0,1.0,49.77,-0.003538822558200153,0.0,-0.003538822558200153,False,False,True,0,0,2053.0,0.0,0.0,0.0,-0.0,0.0,2009.0,0.0,0.0,0.0,-0.0,0.0,-0.0,-0.0,0.0,0.0799999999999983,0.001649484910075718,0.0,0.1700000000000017,0.003421559139581006,0.0,0.0,0.0,0.0,0.0,0.0,0.0,0.0,0.0,0.0,0.0,0.0,0.0,0.0,0.0,0.0,0.0
105,2024-06-03,2024-06-04,1,48.54,48.64,49.77,49.86,1.0250822368421053,1.0219474517845728,1.0222169482420627,49.707524054801624,1.0,1.0,1.0,49.86,-0.0030627670184242635,0.0,-0.0030627670184242635,False,False,True,0,0,2050.0,0.0,0.0,0.0,-0.0,0.0,2006.0,0.0,0.0,0.0,-0.0,0.0,-0.0,-0.0,0.0,0.10000000000000142,0.0020580373594561775,0.0,0.0899999999999963,0.0018066852249488297,0.0,0.0,0.0,0.0,0.0,0.0,0.0,0.0,0.0,0.0,0.0,0.0,0.0,0.0,0.0,0.0,0.0
106,2024-06-04,2024-06-05,1,48.64,48.76,49.86,49.98,1.0250205086136177,1.0222169482420627,1.0224341968047805,49.843298396282975,1.0,1.0,1.0,49.98,-0.002738873416686559,0.0,-0.002738873416686559,False,False,True,0,0,2045.0,0.0,0.0,0.0,-0.0,0.0,2001.0,0.0,0.0,0.0,-0.0,0.0,-0.0,-0.0,0.0,0.11999999999999744,0.002464066955159057,0.0,0.11999999999999744,0.0024038473113944595,0.0,0.0,0.0,0.0,0.0,0.0,0.0,0.0,0.0,0.0,0.0,0.0,0.0,0.0,0.0,0.0,0.0
107,2024-06-05,2024-06-06,1,48.76,48.73,49.98,49.93,1.0246254873794378,1.0224341968047805,1.0225998974032606,49.82321841029695,1.0,1.0,1.0,49.93,-0.00214091599631697,0.0,-0.00214091599631697,False,False,True,0,0,2048.0,0.0,0.0,0.0,-0.0,0.0,2003.0,0.0,0.0,0.0,-0.0,0.0,-0.0,-0.0,0.0,-0.030000000000001137,-0.0006154477576559833,-0.0,-0.04999999999999716,-0.001000900894288357,-0.0,0.0,0.0,0.0,0.0,0.0,0.0,0.0,0.0,0.0,0.0,0.0,0.0,0.0,0.0,0.0,0.0
108,2024-06-06,2024-06-07,1,48.73,48.53,49.93,49.73,1.0247269730063877,1.0225998974032606,1.0227907355984756,49.62677302098024,1.0,1.0,1.0,49.73,-0.0020779059750627342,0.0,-0.0020779059750627342,False,False,True,0,0,2056.0,0.0,0.0,0.0,-0.0,0.0,2011.0,0.0,0.0,0.0,-0.0,0.0,-0.0,-0.0,0.0,-0.19999999999999574,-0.004112693438289863,-0.0,-0.20000000000000284,-0.004013651785870816,-0.0,0.0,0.0,0.0,0.0,0.0,0.0,0.0,0.0,0.0,0.0,0.0,0.0,0.0,0.0,0.0,0.0
109,2024-06-07,2024-06-10,3,48.53,48.38,49.73,49.61,1.0254237288135593,1.0227907355984756,1.0230241086400576,49.48261578825425,1.0,1.0,1.0,49.61,-0.002571014619023641,0.0,-0.002571014619023641,False,False,True,0,0,2062.0,0.0,0.0,0.0,-0.0,0.0,2016.0,0.0,0.0,0.0,-0.0,0.0,-0.0,-0.0,0.0,-0.14999999999999858,-0.003095658235243611,-0.0,-0.11999999999999744,-0.00241594641368958,-0.0,0.0,0.0,0.0,0.0,0.0,0.0,0.0,0.0,0.0,0.0,0.0,0.0,0.0,0.0,0.0,0.0
110,2024-06-10,2024-06-11,1,48.38,48.51,49.61,49.71,1.0247371675943104,1.0230241086400576,1.0231925470485383,49.62689951012919,1.0,1.0,1.0,49.71,-0.0016731045495829142,0.0,-0.0016731045495829142,False,False,True,0,0,2058.0,0.0,0.0,0.0,-0.0,0.0,2012.0,0.0,0.0,0.0,-0.0,0.0,-0.0,-0.0,0.0,0.12999999999999545,0.0026834570752438743,0.0,0.10000000000000142,0.0020136937936236343,0.0,0.0,0.0,0.0,0.0,0.0,0.0,0.0,0.0,0.0,0.0,0.0,0.0,0.0,0.0,0.0,0.0
111,2024-06-11,2024-06-12,1,48.51,48.64,49.71,49.84,1.024671052631579,1.0231925470485383,1.023314988569006,49.7680854884409,1.0,1.0,1.0,49.84,-0.0014439495288268353,0.0,-0.0014439495288268353,False,False,True,0,0,2053.0,0.0,0.0,0.0,-0.0,0.0,2006.0,0.0,0.0,0.0,-0.0,0.0,-0.0,-0.0,0.0,0.13000000000000256,0.0026762754007865555,0.0,0.13000000000000256,0.002611754372616579,0.0,0.0,0.0,0.0,0.0,0.0,0.0,0.0,0.0,0.0,0.0,0.0,0.0,0.0,0.0,0.0,0.0
112,2024-06-12,2024-06-13,1,48.64,48.8,49.84,49.99,1.0243852459016394,1.023314988569006,1.0234508493922974,49.937771442167495,1.0,1.0,1.0,49.99,-0.001045326275861299,0.0,-0.001045326275861299,False,False,True,0,0,2047.0,0.0,0.0,0.0,-0.0,0.0,2000.0,0.0,0.0,0.0,-0.0,0.0,-0.0,-0.0,0.0,0.1599999999999966,0.0032840752011897975,0.0,0.14999999999999858,0.0030051109462813073,0.0,0.0,0.0,0.0,0.0,0.0,0.0,0.0,0.0,0.0,0.0,0.0,0.0,0.0,0.0,0.0,0.0
113,2024-06-13,2024-06-14,1,48.8,48.95,49.99,50.1,1.0234933605720122,1.0234508493922974,1.0236021854520074,50.097919077752955,1.0,1.0,1.0,50.1,-4.153623681003259e-05,0.0,-4.153623681003259e-05,False,False,True,0,0,2043.0,0.0,0.0,0.0,-0.0,0.0,1996.0,0.0,0.0,0.0,-0.0,0.0,-0.0,-0.0,0.0,0.15000000000000568,0.0030690561174179687,0.0,0.10999999999999943,0.002198022665340083,0.0,0.0,0.0,0.0,0.0,0.0,0.0,0.0,0.0,0.0,0.0,0.0,0.0,0.0,0.0,0.0,0.0
114,2024-06-14,2024-06-17,3,48.95,48.84,50.1,50.01,1.0239557739557739,1.0236021854520074,1.0237226090769456,49.992730737476045,1.0,1.0,1.0,50.01,-0.000345375822605336,0.0,-0.000345375822605336,False,False,True,0,0,2047.0,0.0,0.0,0.0,-0.0,0.0,2000.0,0.0,0.0,0.0,-0.0,0.0,-0.0,-0.0,0.0,-0.10999999999999943,-0.0022497197340154416,-0.0,-0.09000000000000341,-0.0017980226600068368,-0.0,0.0,0.0,0.0,0.0,0.0,0.0,0.0,0.0,0.0,0.0,0.0,0.0,0.0,0.0,0.0,0.0
115,2024-06-17,2024-06-18,1,48.84,48.96,50.01,50.11,1.0234885620915033,1.0237226090769456,1.023798248929313,50.12145894040726,1.0,1.0,1.0,50.11,0.00022864957925023042,0.0,0.00022864957925023042,False,False,True,0,0,2043.0,0.0,0.0,0.0,-0.0,0.0,1996.0,0.0,0.0,0.0,-0.0,0.0,-0.0,-0.0,0.0,0.11999999999999744,0.002453988961566566,0.0,0.10000000000000142,0.0019976035408209615,0.0,0.0,0.0,0.0,0.0,0.0,0.0,0.0,0.0,0.0,0.0,0.0,0.0,0.0,0.0,0.0,0.0
116,2024-06-18,2024-06-20,2,48.96,48.88,50.11,50.08,1.0245499181669393,1.023798248929313,1.0239590781709933,50.043258407664815,1.0,1.0,1.0,50.08,-0.0007339272526434013,0.0,-0.0007339272526434013,False,False,True,0,0,2045.0,0.0,0.0,0.0,-0.0,0.0,1997.0,0.0,0.0,0.0,-0.0,0.0,-0.0,-0.0,0.0,-0.0799999999999983,-0.0016353233407307532,-0.0,-0.030000000000001137,-0.000598862179790183,-0.0,0.0,0.0,0.0,0.0,0.0,0.0,0.0,0.0,0.0,0.0,0.0,0.0,0.0,0.0,0.0,0.0
117,2024-06-20,2024-06-21,1,48.88,48.93,50.08,50.09,1.0237073370120582,1.0239590781709933,1.0240548068637014,50.1023176949067,1.0,1.0,1.0,50.09,0.0002458810266525357,0.0,0.0002458810266525357,False,False,True,0,0,2044.0,0.0,0.0,0.0,-0.0,0.0,1996.0,0.0,0.0,0.0,-0.0,0.0,-0.0,-0.0,0.0,0.04999999999999716,0.0010223904376921939,0.0,0.010000000000005116,0.0001996605776823692,0.0,0.0,0.0,0.0,0.0,0.0,0.0,0.0,0.0,0.0,0.0,0.0,0.0,0.0,0.0,0.0,0.0
118,2024-06-21,2024-06-24,3,48.93,48.9,50.09,50.09,1.0243353783231084,1.0240548068637014,1.024169845961076,50.076280055634996,1.0,1.0,1.0,50.09,-0.0002739433758184831,0.0,-0.0002739433758184831,False,False,True,0,0,2044.0,0.0,0.0,0.0,-0.0,0.0,1996.0,0.0,0.0,0.0,-0.0,0.0,-0.0,-0.0,0.0,-0.030000000000001137,-0.000613308820205833,-0.0,0.0,0.0,0.0,0.0,0.0,0.0,0.0,0.0,0.0,0.0,0.0,0.0,0.0,0.0,0.0,0.0,0.0,0.0,0.0
119,2024-06-24,2024-06-25,1,48.9,48.94,50.09,50.11,1.0239068246832856,1.024169845961076,1.0242641375965573,50.122872261335054,1.0,1.0,1.0,50.11,0.0002568471024608101,0.0,0.0002568471024608101,False,False,True,0,0,2044.0,0.0,0.0,0.0,-0.0,0.0,1996.0,0.0,0.0,0.0,-0.0,0.0,-0.0,-0.0,0.0,0.03999999999999915,0.0008176615336993317,0.0,0.01999999999999602,0.0003992016021077399,0.0,0.0,0.0,0.0,0.0,0.0,0.0,0.0,0.0,0.0,0.0,0.0,0.0,0.0,0.0,0.0,0.0
120,2024-06-25,2024-06-26,1,48.94,48.71,50.11,49.93,1.0250461917470746,1.0242641375965573,1.0243502965131164,49.89190614232831,1.0,1.0,1.0,49.93,-0.000763236467686899,0.0,-0.000763236467686899,False,False,True,0,0,2052.0,0.0,0.0,0.0,-0.0,0.0,2003.0,0.0,0.0,0.0,-0.0,0.0,-0.0,-0.0,0.0,-0.22999999999999687,-0.004710710196074222,-0.0,-0.17999999999999972,-0.00359856445911541,-0.0,0.0,0.0,0.0,0.0,0.0,0.0,0.0,0.0,0.0,0.0,0.0,0.0,0.0,0.0,0.0,0.0
121,2024-06-26,2024-06-27,1,48.71,48.75,49.93,49.98,1.0252307692307692,1.0243502965131164,1.0243991484074908,49.937076955014426,1.0,1.0,1.0,49.98,-0.0008591734052689174,0.0,-0.0008591734052689174,False,False,True,0,0,2050.0,0.0,0.0,0.0,-0.0,0.0,2001.0,0.0,0.0,0.0,-0.0,0.0,-0.0,-0.0,0.0,0.03999999999999915,0.0008208496254048413,0.0,0.04999999999999716,0.0010009008942883444,0.0,0.0,0.0,0.0,0.0,0.0,0.0,0.0,0.0,0.0,0.0,0.0,0.0,0.0,0.0,0.0,0.0
122,2024-06-27,2024-06-28,1,48.75,48.67,49.98,49.92,1.0256831723854531,1.0243991484074908,1.024546708556005,49.85750655299258,1.0,1.0,1.0,49.92,-0.0012526561815014922,0.0,-0.0012526561815014922,True,False,True,0,0,2052.0,0.0,0.0,0.0,-0.0,0.0,2003.0,0.0,0.0,0.0,-0.0,0.0,-0.0,-0.0,0.0,-0.0799999999999983,-0.0016423735984932464,-0.0,-0.05999999999999517,-0.0012012013456340143,-0.0,0.0,0.0,0.0,0.0,0.0,0.0,0.0,0.0,0.0,0.0,0.0,0.0,0.0,0.0,0.0,0.0
123,2024-06-28,2024-07-01,3,48.67,48.42,49.92,49.77,1.0278810408921932,1.024546708556005,1.0247645327838586,49.60855162828176,1.0,1.0,1.0,49.77,-0.0032491621402784368,0.0,-0.0032491621402784368,False,False,True,0,0,2058.0,0.0,0.0,0.0,-0.0,0.0,2009.0,0.0,0.0,0.0,-0.0,0.0,-0.0,-0.0,0.0,-0.25,-0.005149872335450457,-0.0,-0.14999999999999858,-0.0030093311907094284,-0.0,0.0,0.0,0.0,0.0,0.0,0.0,0.0,0.0,0.0,0.0,0.0,0.0,0.0,0.0,0.0,0.0
124,2024-07-01,2024-07-02,1,48.42,48.52,49.77,49.88,1.0280296784830998,1.0247645327838586,1.0248990204162953,49.721575130672825,1.0,1.0,1.0,49.88,-0.003181174649549355,0.0,-0.003181174649549355,False,False,True,0,0,2055.0,0.0,0.0,0.0,-0.0,0.0,2005.0,0.0,0.0,0.0,-0.0,0.0,-0.0,-0.0,0.0,0.10000000000000142,0.0020631325659369454,0.0,0.10999999999999943,0.0022077279413729133,0.0,0.0,0.0,0.0,0.0,0.0,0.0,0.0,0.0,0.0,0.0,0.0,0.0,0.0,0.0,0.0,0.0
125,2024-07-02,2024-07-03,1,48.52,48.66,49.88,50.04,1.028360049321825,1.0248990204162953,1.0250629110402814,49.871586333456925,1.0,1.0,1.0,50.04,-0.0033712571730769767,0.0,-0.0033712571730769767,False,False,True,0,0,2048.0,0.0,0.0,0.0,-0.0,0.0,1998.0,0.0,0.0,0.0,-0.0,0.0,-0.0,-0.0,0.0,0.13999999999999346,0.0028812532795270554,0.0,0.1599999999999966,0.003202564786874634,0.0,0.0,0.0,0.0,0.0,0.0,0.0,0.0,0.0,0.0,0.0,0.0,0.0,0.0,0.0,0.0,0.0
126,2024-07-03,2024-07-05,2,48.66,48.76,50.04,50.1,1.0274815422477441,1.0250629110402814,1.0251859627219875,49.98206754232412,1.0,1.0,1.0,50.1,-0.0023567161461801587,0.0,-0.0023567161461801587,False,False,True,0,0,2046.0,0.0,0.0,0.0,-0.0,0.0,1996.0,0.0,0.0,0.0,-0.0,0.0,-0.0,-0.0,0.0,0.10000000000000142,0.0020529672576943417,0.0,0.060000000000002274,0.0011983224921087163,0.0,0.0,0.0,0.0,0.0,0.0,0.0,0.0,0.0,0.0,0.0,0.0,0.0,0.0,0.0,0.0,0.0
127,2024-07-05,2024-07-08,3,48.76,48.78,50.1,50.12,1.0274702747027469,1.0251859627219875,1.025328202088153,50.00857126157855,1.0,1.0,1.0,50.12,-0.0022257140597763615,0.0,-0.0022257140597763615,False,False,True,0,0,2045.0,0.0,0.0,0.0,-0.0,0.0,1995.0,0.0,0.0,0.0,-0.0,0.0,-0.0,-0.0,0.0,0.020000000000003126,0.0004100881747034629,0.0,0.01999999999999602,0.000399121937048448,0.0,0.0,0.0,0.0,0.0,0.0,0.0,0.0,0.0,0.0,0.0,0.0,0.0,0.0,0.0,0.0,0.0
128,2024-07-08,2024-07-09,1,48.78,48.74,50.12,50.05,1.0268773081657776,1.025328202088153,1.0254357188461225,49.974496569776576,1.0,1.0,1.0,50.05,-0.0015096990667943769,0.0,-0.0015096990667943769,False,False,True,0,0,2049.0,0.0,0.0,0.0,-0.0,0.0,1998.0,0.0,0.0,0.0,-0.0,0.0,-0.0,-0.0,0.0,-0.03999999999999915,-0.0008203445907140469,-0.0,-0.07000000000000028,-0.0013976242666379726,-0.0,0.0,0.0,0.0,0.0,0.0,0.0,0.0,0.0,0.0,0.0,0.0,0.0,0.0,0.0,0.0,0.0
129,2024-07-09,2024-07-10,1,48.74,48.85,50.05,50.15,1.0266120777891503,1.0254357188461225,1.0254951362949023,50.092534865633084,1.0,1.0,1.0,50.15,-0.0011465220974077109,0.0,-0.0011465220974077109,False,False,True,0,0,2045.0,0.0,0.0,0.0,-0.0,0.0,1994.0,0.0,0.0,0.0,-0.0,0.0,-0.0,-0.0,0.0,0.10999999999999943,0.0022543302917314985,0.0,0.10000000000000142,0.0019960086467148783,0.0,0.0,0.0,0.0,0.0,0.0,0.0,0.0,0.0,0.0,0.0,0.0,0.0,0.0,0.0,0.0,0.0
130,2024-07-10,2024-07-11,1,48.85,48.94,50.15,50.26,1.0269718022067837,1.0254951362949023,1.025606868025526,50.187731970272516,1.0,1.0,1.0,50.26,-0.0014389183464696368,0.0,-0.0014389183464696368,False,False,True,0,0,2041.0,0.0,0.0,0.0,-0.0,0.0,1990.0,0.0,0.0,0.0,-0.0,0.0,-0.0,-0.0,0.0,0.0899999999999963,0.0018406795257338842,0.0,0.10999999999999943,0.0021910177075014953,0.0,0.0,0.0,0.0,0.0,0.0,0.0,0.0,0.0,0.0,0.0,0.0,0.0,0.0,0.0,0.0,0.0
131,2024-07-11,2024-07-12,1,48.94,48.99,50.26,50.29,1.0265360277607674,1.025606868025526,1.0257001167819852,50.244480464570515,1.0,1.0,1.0,50.29,-0.0009055507787920043,0.0,-0.0009055507787920043,False,False,True,0,0,2039.0,0.0,0.0,0.0,-0.0,0.0,1988.0,0.0,0.0,0.0,-0.0,0.0,-0.0,-0.0,0.0,0.05000000000000426,0.001021137635957812,0.0,0.030000000000001137,0.0005967180684273904,0.0,0.0,0.0,0.0,0.0,0.0,0.0,0.0,0.0,0.0,0.0,0.0,0.0,0.0,0.0,0.0,0.0
132,2024-07-12,2024-07-15,3,48.99,49.04,50.29,50.3,1.0256933115823816,1.0257001167819852,1.0257655200660225,50.300333726988555,1.0,1.0,1.0,50.3,6.6347093732266484e-06,0.0,6.6347093732266484e-06,False,False,True,0,0,2039.0,0.0,0.0,0.0,-0.0,0.0,1988.0,0.0,0.0,0.0,-0.0,0.0,-0.0,-0.0,0.0,0.04999999999999716,0.00102009597747251,0.0,0.00999999999999801,0.00019882692182017522,0.0,0.0,0.0,0.0,0.0,0.0,0.0,0.0,0.0,0.0,0.0,0.0,0.0,0.0,0.0,0.0,0.0
133,2024-07-15,2024-07-16,1,49.04,49.22,50.3,50.49,1.0258025193010971,1.0257655200660225,1.0258809780024767,50.488178897649625,1.0,1.0,1.0,50.49,-3.6069225459539076e-05,0.0,-3.6069225459539076e-05,False,False,True,0,0,2032.0,0.0,0.0,0.0,-0.0,0.0,1981.0,0.0,0.0,0.0,-0.0,0.0,-0.0,-0.0,0.0,0.17999999999999972,0.0036637533349538013,0.0,0.19000000000000483,0.0037702197651309556,0.0,0.0,0.0,0.0,0.0,0.0,0.0,0.0,0.0,0.0,0.0,0.0,0.0,0.0,0.0,0.0,0.0
134,2024-07-16,2024-07-17,1,49.22,49.2,50.49,50.42,1.0247967479674795,1.0258809780024767,1.0259230267030621,50.47334411772186,1.0,1.0,1.0,50.42,0.0010574359123287835,0.0,0.0010574359123287835,False,False,True,0,0,2034.0,0.0,0.0,0.0,-0.0,0.0,1983.0,0.0,0.0,0.0,-0.0,0.0,-0.0,-0.0,0.0,-0.01999999999999602,-0.0004064214646472547,-0.0,-0.07000000000000028,-0.0013873751110506233,-0.0,0.0,0.0,0.0,0.0,0.0,0.0,0.0,0.0,0.0,0.0,0.0,0.0,0.0,0.0,0.0,0.0
135,2024-07-17,2024-07-18,1,49.2,49.14,50.42,50.42,1.026048026048026,1.0259230267030621,1.026050999900888,50.41385753218847,1.0,1.0,1.0,50.42,-0.00012183343907411359,0.0,-0.00012183343907411359,False,False,True,0,0,2034.0,0.0,0.0,0.0,-0.0,0.0,1983.0,0.0,0.0,0.0,-0.0,0.0,-0.0,-0.0,0.0,-0.060000000000002274,-0.0012202564052293744,-0.0,0.0,0.0,0.0,0.0,0.0,0.0,0.0,0.0,0.0,0.0,0.0,0.0,0.0,0.0,0.0,0.0,0.0,0.0,0.0
136,2024-07-18,2024-07-19,1,49.14,49.08,50.42,50.4,1.0268948655256724,1.026050999900888,1.0261682472688247,50.358583075135584,1.0,1.0,1.0,50.4,-0.0008221022156727633,0.0,-0.0008221022156727633,False,False,True,0,0,2036.0,0.0,0.0,0.0,-0.0,0.0,1984.0,0.0,0.0,0.0,-0.0,0.0,-0.0,-0.0,0.0,-0.060000000000002274,-0.0012217472503223644,-0.0,-0.020000000000003126,-0.00039674668245091117,-0.0,0.0,0.0,0.0,0.0,0.0,0.0,0.0,0.0,0.0,0.0,0.0,0.0,0.0,0.0,0.0,0.0
137,2024-07-19,2024-07-22,3,49.08,49.04,50.4,50.36,1.026916802610114,1.0261682472688247,1.0263287205487273,50.323290846063166,1.0,1.0,1.0,50.36,-0.0007292005506570039,0.0,-0.0007292005506570039,False,False,True,0,0,2038.0,0.0,0.0,0.0,-0.0,0.0,1986.0,0.0,0.0,0.0,-0.0,0.0,-0.0,-0.0,0.0,-0.03999999999999915,-0.0008153282147546764,-0.0,-0.03999999999999915,-0.000793965901176512,-0.0,0.0,0.0,0.0,0.0,0.0,0.0,0.0,0.0,0.0,0.0,0.0,0.0,0.0,0.0,0.0,0.0
138,2024-07-22,2024-07-23,1,49.04,49.08,50.36,50.42,1.0273023634881826,1.0263287205487273,1.026477069806981,50.37221360453153,1.0,1.0,1.0,50.42,-0.0009482160841593823,0.0,-0.0009482160841593823,False,False,True,0,0,2035.0,0.0,0.0,0.0,-0.0,0.0,1983.0,0.0,0.0,0.0,-0.0,0.0,-0.0,-0.0,0.0,0.03999999999999915,0.0008153282147547923,0.0,0.060000000000002274,0.0011907125836273628,0.0,0.0,0.0,0.0,0.0,0.0,0.0,0.0,0.0,0.0,0.0,0.0,0.0,0.0,0.0,0.0,0.0
139,2024-07-23,2024-07-24,1,49.08,48.98,50.42,50.3,1.0269497754185382,1.026477069806981,1.026629217343744,50.27684687914592,1.0,1.0,1.0,50.3,-0.0004604065842486372,0.0,-0.0004604065842486372,False,False,True,0,0,2041.0,0.0,0.0,0.0,-0.0,0.0,1988.0,0.0,0.0,0.0,-0.0,0.0,-0.0,-0.0,0.0,-0.10000000000000142,-0.002039568318688988,-0.0,-0.12000000000000455,-0.002382844654080373,-0.0,0.0,0.0,0.0,0.0,0.0,0.0,0.0,0.0,0.0,0.0,0.0,0.0,0.0,0.0,0.0,0.0
140,2024-07-24,2024-07-25,1,48.98,49.09,50.3,50.45,1.0277042167447545,1.026629217343744,1.026762118593628,50.397228279404395,1.0,1.0,1.0,50.45,-0.0010465676908076496,0.0,-0.0010465676908076496,False,False,True,0,0,2035.0,0.0,0.0,0.0,-0.0,0.0,1982.0,0.0,0.0,0.0,-0.0,0.0,-0.0,-0.0,0.0,0.11000000000000654,0.0022432965459395333,0.0,0.15000000000000568,0.0029776696939245338,0.0,0.0,0.0,0.0,0.0,0.0,0.0,0.0,0.0,0.0,0.0,0.0,0.0,0.0,0.0,0.0,0.0
141,2024-07-25,2024-07-26,1,49.09,49.23,50.45,50.64,1.028641072516758,1.026762118593628,1.0269326337579272,50.547499098364305,1.0,1.0,1.0,50.64,-0.001828307413996503,0.0,-0.001828307413996503,False,False,True,0,0,2028.0,0.0,0.0,0.0,-0.0,0.0,1975.0,0.0,0.0,0.0,-0.0,0.0,-0.0,-0.0,0.0,0.13999999999999346,0.002847845700148045,0.0,0.18999999999999773,0.003759031036302841,0.0,0.0,0.0,0.0,0.0,0.0,0.0,0.0,0.0,0.0,0.0,0.0,0.0,0.0,0.0,0.0,0.0
142,2024-07-26,2024-07-29,3,49.23,49.36,50.64,50.75,1.028160453808752,1.0269326337579272,1.0270564978290921,50.68939480229129,1.0,1.0,1.0,50.75,-0.0011949047022180165,0.0,-0.0011949047022180165,False,False,True,0,0,2023.0,0.0,0.0,0.0,-0.0,0.0,1970.0,0.0,0.0,0.0,-0.0,0.0,-0.0,-0.0,0.0,0.13000000000000256,0.0026371858270232084,0.0,0.10999999999999943,0.0021698400859760394,0.0,0.0,0.0,0.0,0.0,0.0,0.0,0.0,0.0,0.0,0.0,0.0,0.0,0.0,0.0,0.0,0.0
143,2024-07-29,2024-07-30,1,49.36,49.43,50.75,50.76,1.0269067367995144,1.0270564978290921,1.0270077826244584,50.76740268769203,1.0,1.0,1.0,50.76,0.0001458263977839254,0.0,0.0001458263977839254,False,False,True,0,0,2023.0,0.0,0.0,0.0,-0.0,0.0,1970.0,0.0,0.0,0.0,-0.0,0.0,-0.0,-0.0,0.0,0.07000000000000028,0.0014171477217356525,0.0,0.00999999999999801,0.00019702492429007822,0.0,0.0,0.0,0.0,0.0,0.0,0.0,0.0,0.0,0.0,0.0,0.0,0.0,0.0,0.0,0.0,0.0
144,2024-07-30,2024-07-31,1,49.43,49.61,50.76,50.96,1.0272122555936303,1.0270077826244584,1.0269669114799849,50.94985609599938,1.0,1.0,1.0,50.96,-0.00019907601526911623,0.0,-0.00019907601526911623,True,False,True,0,0,2015.0,0.0,0.0,0.0,-0.0,0.0,1962.0,0.0,0.0,0.0,-0.0,0.0,-0.0,-0.0,0.0,0.17999999999999972,0.003634898994089589,0.0,0.20000000000000284,0.003932368417721111,0.0,0.0,0.0,0.0,0.0,0.0,0.0,0.0,0.0,0.0,0.0,0.0,0.0,0.0,0.0,0.0,0.0
145,2024-07-31,2024-08-01,1,49.61,49.58,50.96,51.02,1.0290439693424769,1.0269669114799849,1.0270011074810175,50.917019471177646,1.0,1.0,1.0,51.02,-0.00202047429657737,0.0,-0.00202047429657737,False,False,True,0,0,2013.0,0.0,0.0,0.0,-0.0,0.0,1960.0,0.0,0.0,0.0,-0.0,0.0,-0.0,-0.0,0.0,-0.030000000000001137,-0.0006048997059131442,-0.0,0.060000000000002274,0.0011767014497575208,0.0,0.0,0.0,0.0,0.0,0.0,0.0,0.0,0.0,0.0,0.0,0.0,0.0,0.0,0.0,0.0,0.0
146,2024-08-01,2024-08-02,1,49.58,49.88,51.02,51.38,1.0300721732157176,1.0270011074810175,1.0271306390294161,51.226815241153155,1.0,1.0,1.0,51.38,-0.0029858615589038588,0.0,-0.0029858615589038588,False,False,True,0,0,1999.0,0.0,0.0,0.0,-0.0,0.0,1946.0,0.0,0.0,0.0,-0.0,0.0,-0.0,-0.0,0.0,0.30000000000000426,0.006032594204791428,0.0,0.35999999999999943,0.007031278968072235,0.0,0.0,0.0,0.0,0.0,0.0,0.0,0.0,0.0,0.0,0.0,0.0,0.0,0.0,0.0,0.0,0.0
147,2024-08-02,2024-08-05,3,49.88,49.89,51.38,51.38,1.0298657045500101,1.0271306390294161,1.0272504105217792,51.24354758117757,1.0,1.0,1.0,51.38,-0.0026592824444696375,0.0,-0.0026592824444696375,False,False,True,0,0,1999.0,0.0,0.0,0.0,-0.0,0.0,1946.0,0.0,0.0,0.0,-0.0,0.0,-0.0,-0.0,0.0,0.00999999999999801,0.00020046106111018316,0.0,0.0,0.0,0.0,0.0,0.0,0.0,0.0,0.0,0.0,0.0,0.0,0.0,0.0,0.0,0.0,0.0,0.0,0.0,0.0
148,2024-08-05,2024-08-06,1,49.89,49.63,51.38,51.36,1.0348579488212775,1.0272504105217792,1.0276494425545541,50.98243787419591,1.0,1.0,1.0,51.36,-0.007378441369241559,0.0,-0.007378441369241559,False,True,False,0,1,2000.0,0.0,2000.0,2000.0,-0.0,2000.0,1947.0,0.0,-1947.0,0.0,1947.0,-1947.0,-10.0,-9.735,-19.735,-0.259999999999998,-0.0052250922735965774,-0.0,-0.020000000000003126,-0.0003893323000318054,-0.0,0.0,0.0,0.0,0.0,0.0,0.0,0.0,0.0,0.0,0.0,0.0,0.0,0.0,-19.735,-19.735,-19.735
149,2024-08-06,2024-08-07,1,49.63,49.55,51.36,51.07,1.0306760847628658,1.0276494425545541,1.02785264290324,50.920029878578156,1.0,1.0,1.0,51.07,-0.0029408801956140413,0.0,-0.0029408801956140413,False,False,True,1,0,2012.0,2000.0,0.0,0.0,2000.0,-2000.0,1958.0,-1947.0,0.0,1947.0,-0.0,1947.0,-10.0,-9.735,-19.735,-0.0800000000000054,-0.0016132288233525168,-160.0000000000108,-0.28999999999999915,-0.005662418722153214,564.6299999999983,404.6299999999875,0.0,99260.0,99260.0,0.0,-99997.92,0.0,-99997.92,-2.77772,-737.9199999999983,199257.91999999998,-99997.92,-2.77772,382.1172799999875,362.3822799999875,0.0
150,2024-08-07,2024-08-08,1,49.55,49.57,51.07,51.11,1.0310671777284648,1.02785264290324,1.028057411679324,50.9506555087136,1.0,1.0,1.0,51.11,-0.003122547468729286,0.0,-0.003122547468729286,False,False,True,0,0,2012.0,0.0,0.0,0.0,-0.0,0.0,1957.0,0.0,0.0,0.0,-0.0,0.0,-0.0,-0.0,0.0,0.020000000000003126,0.0004035512564855495,0.0,0.03999999999999915,0.0007829321206355332,0.0,0.0,0.0,0.0,0.0,0.0,0.0,0.0,0.0,0.0,0.0,0.0,0.0,0.0,0.0,362.3822799999875,0.0
151,2024-08-08,2024-08-09,1,49.57,49.74,51.11,51.26,1.0305589063128267,1.028057411679324,1.028258555606927,51.135575656929575,1.0,1.0,1.0,51.26,-0.0024302691500454627,0.0,-0.0024302691500454627,False,False,True,0,0,2006.0,0.0,0.0,0.0,-0.0,0.0,1951.0,0.0,0.0,0.0,-0.0,0.0,-0.0,-0.0,0.0,0.1700000000000017,0.003423626342776131,0.0,0.14999999999999858,0.002930548155736833,0.0,0.0,0.0,0.0,0.0,0.0,0.0,0.0,0.0,0.0,0.0,0.0,0.0,0.0,0.0,362.3822799999875,0.0
152,2024-08-09,2024-08-12,3,49.74,49.79,51.26,51.28,1.0299256878891343,1.028258555606927,1.0284701744222646,51.1969934836689,1.0,1.0,1.0,51.28,-0.0016200033131910847,0.0,-0.0016200033131910847,False,False,True,0,0,2005.0,0.0,0.0,0.0,-0.0,0.0,1950.0,0.0,0.0,0.0,-0.0,0.0,-0.0,-0.0,0.0,0.04999999999999716,0.0010047222788327607,0.0,0.020000000000003126,0.00039009167648959754,0.0,0.0,0.0,0.0,0.0,0.0,0.0,0.0,0.0,0.0,0.0,0.0,0.0,0.0,0.0,362.3822799999875,0.0
153,2024-08-12,2024-08-13,1,49.79,49.9,51.28,51.37,1.0294589178356712,1.0284701744222646,1.0286529943489935,51.320661703671,1.0,1.0,1.0,51.37,-0.0009609111346024449,0.0,-0.0009609111346024449,False,False,True,0,0,2002.0,0.0,0.0,0.0,-0.0,0.0,1947.0,0.0,0.0,0.0,-0.0,0.0,-0.0,-0.0,0.0,0.10999999999999943,0.0022068421033815577,0.0,0.0899999999999963,0.0017535318667617377,0.0,0.0,0.0,0.0,0.0,0.0,0.0,0.0,0.0,0.0,0.0,0.0,0.0,0.0,0.0,362.3822799999875,0.0
154,2024-08-13,2024-08-14,1,49.9,49.94,51.37,51.42,1.0296355626752103,1.0286529943489935,1.02889493508438,51.37093053778873,1.0,1.0,1.0,51.42,-0.0009547431019822308,0.0,-0.0009547431019822308,False,False,True,0,0,2001.0,0.0,0.0,0.0,-0.0,0.0,1945.0,0.0,0.0,0.0,-0.0,0.0,-0.0,-0.0,0.0,0.03999999999999915,0.0008012820941542244,0.0,0.05000000000000426,0.0009728573585670629,0.0,0.0,0.0,0.0,0.0,0.0,0.0,0.0,0.0,0.0,0.0,0.0,0.0,0.0,0.0,362.3822799999875,0.0
155,2024-08-14,2024-08-15,1,49.94,49.8,51.42,51.25,1.029116465863454,1.02889493508438,1.0290483570751514,51.23896776720212,1.0,1.0,1.0,51.25,-0.0002152862514050988,0.0,-0.0002152862514050988,False,False,True,0,0,2007.0,0.0,0.0,0.0,-0.0,0.0,1951.0,0.0,0.0,0.0,-0.0,0.0,-0.0,-0.0,0.0,-0.14000000000000057,-0.0028073008210199317,-0.0,-0.1700000000000017,-0.0033115838192258446,-0.0,0.0,0.0,0.0,0.0,0.0,0.0,0.0,0.0,0.0,0.0,0.0,0.0,0.0,0.0,362.3822799999875,0.0
156,2024-08-15,2024-08-16,1,49.8,49.85,51.25,51.3,1.029087261785356,1.0290483570751514,1.0291579768881356,51.2980606001963,1.0,1.0,1.0,51.3,-3.780577902900138e-05,0.0,-3.780577902900138e-05,False,False,True,0,0,2006.0,0.0,0.0,0.0,-0.0,0.0,1949.0,0.0,0.0,0.0,-0.0,0.0,-0.0,-0.0,0.0,0.05000000000000426,0.001003512377240109,0.0,0.04999999999999716,0.0009751341582062914,0.0,0.0,0.0,0.0,0.0,0.0,0.0,0.0,0.0,0.0,0.0,0.0,0.0,0.0,0.0,362.3822799999875,0.0
157,2024-08-16,2024-08-19,3,49.85,49.82,51.3,51.31,1.0299076676033723,1.0291579768881356,1.0293075201377984,51.27265040856692,1.0,1.0,1.0,51.31,-0.000728185379003648,0.0,-0.000728185379003648,False,False,True,0,0,2006.0,0.0,0.0,0.0,-0.0,0.0,1949.0,0.0,0.0,0.0,-0.0,0.0,-0.0,-0.0,0.0,-0.030000000000001137,-0.0006019865738129967,-0.0,0.010000000000005116,0.0001949127771496291,0.0,0.0,0.0,0.0,0.0,0.0,0.0,0.0,0.0,0.0,0.0,0.0,0.0,0.0,0.0,362.3822799999875,0.0
158,2024-08-19,2024-08-20,1,49.82,49.91,51.31,51.4,1.0298537367261071,1.0293075201377984,1.0294350887996946,51.37273833007751,1.0,1.0,1.0,51.4,-0.0005305233859652564,0.0,-0.0005305233859652564,False,False,True,0,0,2003.0,0.0,0.0,0.0,-0.0,0.0,1946.0,0.0,0.0,0.0,-0.0,0.0,-0.0,-0.0,0.0,0.0899999999999963,0.0018048736474833437,0.0,0.0899999999999963,0.0017525075072459464,0.0,0.0,0.0,0.0,0.0,0.0,0.0,0.0,0.0,0.0,0.0,0.0,0.0,0.0,0.0,362.3822799999875,0.0
159,2024-08-20,2024-08-21,1,49.91,49.98,51.4,51.43,1.0290116046418567,1.0294350887996946,1.0295381802608605,51.45116573820873,1.0,1.0,1.0,51.43,0.0004114599276840061,0.0,0.0004114599276840061,False,False,True,0,0,2001.0,0.0,0.0,0.0,-0.0,0.0,1944.0,0.0,0.0,0.0,-0.0,0.0,-0.0,-0.0,0.0,0.07000000000000028,0.0014015419252884772,0.0,0.030000000000001137,0.0005834873257054077,0.0,0.0,0.0,0.0,0.0,0.0,0.0,0.0,0.0,0.0,0.0,0.0,0.0,0.0,0.0,362.3822799999875,0.0
160,2024-08-21,2024-08-22,1,49.98,49.82,51.43,51.32,1.030108390204737,1.0295381802608605,1.0296583889338595,51.29159214059607,1.0,1.0,1.0,51.32,-0.0005536968979250528,0.0,-0.0005536968979250528,False,False,True,0,0,2007.0,0.0,0.0,0.0,-0.0,0.0,1949.0,0.0,0.0,0.0,-0.0,0.0,-0.0,-0.0,0.0,-0.1599999999999966,-0.0032064155727718857,-0.0,-0.10999999999999943,-0.0021411200393891628,-0.0,0.0,0.0,0.0,0.0,0.0,0.0,0.0,0.0,0.0,0.0,0.0,0.0,0.0,0.0,362.3822799999875,0.0
161,2024-08-22,2024-08-23,1,49.82,49.96,51.32,51.48,1.030424339471577,1.0296583889338595,1.0297475522816006,51.441733111135626,1.0,1.0,1.0,51.48,-0.000743611470016428,0.0,-0.000743611470016428,False,False,True,0,0,2001.0,0.0,0.0,0.0,-0.0,0.0,1943.0,0.0,0.0,0.0,-0.0,0.0,-0.0,-0.0,0.0,0.14000000000000057,0.002806175423342549,0.0,0.1599999999999966,0.0031128429804901034,0.0,0.0,0.0,0.0,0.0,0.0,0.0,0.0,0.0,0.0,0.0,0.0,0.0,0.0,0.0,362.3822799999875,0.0
162,2024-08-23,2024-08-26,3,49.96,49.88,51.48,51.4,1.0304731355252605,1.0297475522816006,1.0298631863674261,51.36380790780624,1.0,1.0,1.0,51.4,-0.0007043743206285179,0.0,-0.0007043743206285179,False,False,True,0,0,2004.0,0.0,0.0,0.0,-0.0,0.0,1946.0,0.0,0.0,0.0,-0.0,0.0,-0.0,-0.0,0.0,-0.0799999999999983,-0.0016025644455411917,-0.0,-0.0799999999999983,-0.0015552102668064743,-0.0,0.0,0.0,0.0,0.0,0.0,0.0,0.0,0.0,0.0,0.0,0.0,0.0,0.0,0.0,362.3822799999875,0.0
163,2024-08-26,2024-08-27,1,49.88,49.85,51.4,51.33,1.0296890672016048,1.0298631863674261,1.0300023028875305,51.33867984041619,1.0,1.0,1.0,51.33,0.00016908448516838933,0.0,0.00016908448516838933,False,False,True,0,0,2006.0,0.0,0.0,0.0,-0.0,0.0,1948.0,0.0,0.0,0.0,-0.0,0.0,-0.0,-0.0,0.0,-0.030000000000001137,-0.0006016244039883542,-0.0,-0.07000000000000028,-0.0013627958889076178,-0.0,0.0,0.0,0.0,0.0,0.0,0.0,0.0,0.0,0.0,0.0,0.0,0.0,0.0,0.0,362.3822799999875,0.0
164,2024-08-27,2024-08-28,1,49.85,49.83,51.33,51.33,1.0301023479831426,1.0300023028875305,1.0301468075070062,51.32501475288564,1.0,1.0,1.0,51.33,-9.71262267172363e-05,0.0,-9.71262267172363e-05,False,False,True,0,0,2006.0,0.0,0.0,0.0,-0.0,0.0,1948.0,0.0,0.0,0.0,-0.0,0.0,-0.0,-0.0,0.0,-0.020000000000003126,-0.00040128411453415545,-0.0,0.0,0.0,0.0,0.0,0.0,0.0,0.0,0.0,0.0,0.0,0.0,0.0,0.0,0.0,0.0,0.0,0.0,362.3822799999875,0.0
165,2024-08-28,2024-08-29,1,49.83,49.8,51.33,51.31,1.0303212851405623,1.0301468075070062,1.0302106732969105,51.3013110138489,1.0,1.0,1.0,51.31,-0.0001693572781794477,0.0,-0.0001693572781794477,False,False,True,0,0,2008.0,0.0,0.0,0.0,-0.0,0.0,1949.0,0.0,0.0,0.0,-0.0,0.0,-0.0,-0.0,0.0,-0.030000000000001137,-0.0006022282627060297,-0.0,-0.01999999999999602,-0.0003897116183383299,-0.0,0.0,0.0,0.0,0.0,0.0,0.0,0.0,0.0,0.0,0.0,0.0,0.0,0.0,0.0,362.3822799999875,0.0
166,2024-08-29,2024-08-30,1,49.8,49.76,51.31,51.29,1.0307475884244373,1.0302106732969105,1.0302444440573466,51.26328310325427,1.0,1.0,1.0,51.29,-0.0005210344621195559,0.0,-0.0005210344621195559,True,False,True,0,0,2009.0,0.0,0.0,0.0,-0.0,0.0,1950.0,0.0,0.0,0.0,-0.0,0.0,-0.0,-0.0,0.0,-0.03999999999999915,-0.0008035355996832242,-0.0,-0.020000000000003126,-0.0003898635526963743,-0.0,0.0,0.0,0.0,0.0,0.0,0.0,0.0,0.0,0.0,0.0,0.0,0.0,0.0,0.0,362.3822799999875,0.0
167,2024-08-30,2024-09-03,4,49.76,49.78,51.29,51.39,1.032342306147047,1.0302444440573466,1.0303682741371982,51.285568425174716,1.0,1.0,1.0,51.39,-0.0020342056525902512,0.0,-0.0020342056525902512,False,False,True,0,0,2005.0,0.0,0.0,0.0,-0.0,0.0,1946.0,0.0,0.0,0.0,-0.0,0.0,-0.0,-0.0,0.0,0.020000000000003126,0.00040184850852202094,0.0,0.10000000000000142,0.001947799602961281,0.0,0.0,0.0,0.0,0.0,0.0,0.0,0.0,0.0,0.0,0.0,0.0,0.0,0.0,0.0,362.3822799999875,0.0
168,2024-09-03,2024-09-04,1,49.78,49.97,51.39,51.61,1.0328196918150891,1.0303682741371982,1.030266361286889,51.4875026586358,1.0,1.0,1.0,51.61,-0.0023763407619087464,0.0,-0.0023763407619087464,False,False,True,0,0,1997.0,0.0,0.0,0.0,-0.0,0.0,1938.0,0.0,0.0,0.0,-0.0,0.0,-0.0,-0.0,0.0,0.18999999999999773,0.0038095284166676487,0.0,0.21999999999999886,0.004271851156497425,0.0,0.0,0.0,0.0,0.0,0.0,0.0,0.0,0.0,0.0,0.0,0.0,0.0,0.0,0.0,362.3822799999875,0.0
169,2024-09-04,2024-09-05,1,49.97,49.98,51.61,51.62,1.0328131252501,1.030266361286889,1.0303732133112506,51.49271273711871,1.0,1.0,1.0,51.62,-0.0024688968830043935,0.0,-0.0024688968830043935,False,False,True,0,0,1996.0,0.0,0.0,0.0,-0.0,0.0,1937.0,0.0,0.0,0.0,-0.0,0.0,-0.0,-0.0,0.0,0.00999999999999801,0.0002001000506926293,0.0,0.00999999999999801,0.0001937421298319977,0.0,0.0,0.0,0.0,0.0,0.0,0.0,0.0,0.0,0.0,0.0,0.0,0.0,0.0,0.0,362.3822799999875,0.0
170,2024-09-05,2024-09-06,1,49.98,50.0,51.62,51.62,1.0324,1.0303732133112506,1.0304398544248274,51.518660665562535,1.0,1.0,1.0,51.62,-0.0019651092305245452,0.0,-0.0019651092305245452,False,False,True,0,0,1996.0,0.0,0.0,0.0,-0.0,0.0,1937.0,0.0,0.0,0.0,-0.0,0.0,-0.0,-0.0,0.0,0.020000000000003126,0.0004000800213398925,0.0,0.0,0.0,0.0,0.0,0.0,0.0,0.0,0.0,0.0,0.0,0.0,0.0,0.0,0.0,0.0,0.0,0.0,362.3822799999875,0.0
171,2024-09-06,2024-09-09,3,50.0,50.13,51.62,51.7,1.0313185717135447,1.0304398544248274,1.0304778376948633,51.6559499023166,1.0,1.0,1.0,51.7,-0.0008523960234933968,0.0,-0.0008523960234933968,False,False,True,0,0,1993.0,0.0,0.0,0.0,-0.0,0.0,1934.0,0.0,0.0,0.0,-0.0,0.0,-0.0,-0.0,0.0,0.13000000000000256,0.0025966258472661353,0.0,0.0800000000000054,0.0015485872239158348,0.0,0.0,0.0,0.0,0.0,0.0,0.0,0.0,0.0,0.0,0.0,0.0,0.0,0.0,0.0,362.3822799999875,0.0
172,2024-09-09,2024-09-10,1,50.13,50.22,51.7,51.78,1.0310633213859022,1.0304778376948633,1.0305347193697014,51.750597009036035,1.0,1.0,1.0,51.78,-0.000568005837963562,0.0,-0.000568005837963562,False,False,True,0,0,1990.0,0.0,0.0,0.0,-0.0,0.0,1931.0,0.0,0.0,0.0,-0.0,0.0,-0.0,-0.0,0.0,0.0899999999999963,0.0017937224540269007,0.0,0.0799999999999983,0.0015461928090080327,0.0,0.0,0.0,0.0,0.0,0.0,0.0,0.0,0.0,0.0,0.0,0.0,0.0,0.0,0.0,362.3822799999875,0.0
173,2024-09-10,2024-09-11,1,50.22,50.27,51.78,51.84,1.0312313507061865,1.0305347193697014,1.0306233410132273,51.80498034271489,1.0,1.0,1.0,51.84,-0.0006757617880185226,0.0,-0.0006757617880185226,False,False,True,0,0,1988.0,0.0,0.0,0.0,-0.0,0.0,1929.0,0.0,0.0,0.0,-0.0,0.0,-0.0,-0.0,0.0,0.05000000000000426,0.0009951239750449626,0.0,0.060000000000002274,0.0011580777206276467,0.0,0.0,0.0,0.0,0.0,0.0,0.0,0.0,0.0,0.0,0.0,0.0,0.0,0.0,0.0,362.3822799999875,0.0
174,2024-09-11,2024-09-12,1,50.27,50.19,51.84,51.8,1.0320781032078103,1.0306233410132273,1.0307454680398573,51.72698548545387,1.0,1.0,1.0,51.8,-0.0014105409581803266,0.0,-0.0014105409581803266,False,False,True,0,0,1990.0,0.0,0.0,0.0,-0.0,0.0,1931.0,0.0,0.0,0.0,-0.0,0.0,-0.0,-0.0,0.0,-0.0800000000000054,-0.0015926740376416872,-0.0,-0.04000000000000625,-0.0007719027785820493,-0.0,0.0,0.0,0.0,0.0,0.0,0.0,0.0,0.0,0.0,0.0,0.0,0.0,0.0,0.0,362.3822799999875,0.0
175,2024-09-12,2024-09-13,1,50.19,50.28,51.8,51.88,1.0318217979315831,1.0307454680398573,1.0308807346432638,51.825882133044026,1.0,1.0,1.0,51.88,-0.0010436798907694307,0.0,-0.0010436798907694307,False,False,True,0,0,1987.0,0.0,0.0,0.0,-0.0,0.0,1928.0,0.0,0.0,0.0,-0.0,0.0,-0.0,-0.0,0.0,0.09000000000000341,0.001791580055204517,0.0,0.0800000000000054,0.0015432101828059322,0.0,0.0,0.0,0.0,0.0,0.0,0.0,0.0,0.0,0.0,0.0,0.0,0.0,0.0,0.0,362.3822799999875,0.0
176,2024-09-13,2024-09-16,3,50.28,50.35,51.88,51.95,1.0317775571002978,1.0308807346432638,1.0310152494090108,51.904844989288335,1.0,1.0,1.0,51.95,-0.0008695793356915163,0.0,-0.0008695793356915163,False,False,True,0,0,1984.0,0.0,0.0,0.0,-0.0,0.0,1925.0,0.0,0.0,0.0,-0.0,0.0,-0.0,-0.0,0.0,0.07000000000000028,0.0013912354425247395,0.0,0.07000000000000028,0.0013483580969932789,0.0,0.0,0.0,0.0,0.0,0.0,0.0,0.0,0.0,0.0,0.0,0.0,0.0,0.0,0.0,362.3822799999875,0.0
177,2024-09-16,2024-09-17,1,50.35,50.29,51.95,51.89,1.03181547027242,1.0310152494090108,1.0311106395424632,51.849756892779155,1.0,1.0,1.0,51.89,-0.0007758473789580113,0.0,-0.0007758473789580113,False,False,True,0,0,1987.0,0.0,0.0,0.0,-0.0,0.0,1927.0,0.0,0.0,0.0,-0.0,0.0,-0.0,-0.0,0.0,-0.060000000000002274,-0.001192368980697967,-0.0,-0.060000000000002274,-0.0011556241655882185,-0.0,0.0,0.0,0.0,0.0,0.0,0.0,0.0,0.0,0.0,0.0,0.0,0.0,0.0,0.0,362.3822799999875,0.0
178,2024-09-17,2024-09-18,1,50.29,50.14,51.89,51.81,1.0333067411248504,1.0311106395424632,1.0312832897624005,51.699887466659106,1.0,1.0,1.0,51.81,-0.0021275759750478697,0.0,-0.0021275759750478697,False,False,True,0,0,1990.0,0.0,0.0,0.0,-0.0,0.0,1930.0,0.0,0.0,0.0,-0.0,0.0,-0.0,-0.0,0.0,-0.14999999999999858,-0.002987157453726067,-0.0,-0.0799999999999983,-0.0015429125529513566,-0.0,0.0,0.0,0.0,0.0,0.0,0.0,0.0,0.0,0.0,0.0,0.0,0.0,0.0,0.0,362.3822799999875,0.0
179,2024-09-18,2024-09-19,1,50.14,50.16,51.81,51.84,1.0334928229665072,1.0312832897624005,1.031507350678633,51.729169814482006,1.0,1.0,1.0,51.84,-0.0021402165918984186,0.0,-0.0021402165918984186,False,False,True,0,0,1989.0,0.0,0.0,0.0,-0.0,0.0,1929.0,0.0,0.0,0.0,-0.0,0.0,-0.0,-0.0,0.0,0.01999999999999602,0.0003988035945178821,0.0,0.030000000000001137,0.0005788712173223089,0.0,0.0,0.0,0.0,0.0,0.0,0.0,0.0,0.0,0.0,0.0,0.0,0.0,0.0,0.0,362.3822799999875,0.0
180,2024-09-19,2024-09-20,1,50.16,50.17,51.84,51.8,1.0324895355790311,1.031507350678633,1.0316264079473476,51.750723783547016,1.0,1.0,1.0,51.8,-0.0009517310622663798,0.0,-0.0009517310622663798,False,False,True,0,0,1992.0,0.0,0.0,0.0,-0.0,0.0,1931.0,0.0,0.0,0.0,-0.0,0.0,-0.0,-0.0,0.0,0.010000000000005116,0.00019934217149635607,0.0,-0.04000000000000625,-0.0007719027785820493,-0.0,0.0,0.0,0.0,0.0,0.0,0.0,0.0,0.0,0.0,0.0,0.0,0.0,0.0,0.0,362.3822799999875,0.0
181,2024-09-20,2024-09-23,3,50.17,50.22,51.8,51.89,1.0332536837913182,1.0316264079473476,1.0317678751633348,51.8082782071158,1.0,1.0,1.0,51.89,-0.0015761459344387093,0.0,-0.0015761459344387093,False,False,True,0,0,1988.0,0.0,0.0,0.0,-0.0,0.0,1927.0,0.0,0.0,0.0,-0.0,0.0,-0.0,-0.0,0.0,0.04999999999999716,0.0009961152332772488,0.0,0.09000000000000341,0.0017359441142109204,0.0,0.0,0.0,0.0,0.0,0.0,0.0,0.0,0.0,0.0,0.0,0.0,0.0,0.0,0.0,362.3822799999875,0.0
182,2024-09-23,2024-09-24,1,50.22,50.32,51.89,51.93,1.0319952305246423,1.0317678751633348,1.031843979913304,51.91855947821901,1.0,1.0,1.0,51.93,-0.00022033087189180206,0.0,-0.00022033087189180206,False,False,True,0,0,1987.0,0.0,0.0,0.0,-0.0,0.0,1926.0,0.0,0.0,0.0,-0.0,0.0,-0.0,-0.0,0.0,0.10000000000000142,0.0019892586627462123,0.0,0.03999999999999915,0.0007705644765792078,0.0,0.0,0.0,0.0,0.0,0.0,0.0,0.0,0.0,0.0,0.0,0.0,0.0,0.0,0.0,362.3822799999875,0.0
183,2024-09-24,2024-09-25,1,50.32,50.18,51.93,51.8,1.032283778397768,1.031843979913304,1.0319737154731121,51.77793091204959,1.0,1.0,1.0,51.8,-0.00042613495152956206,0.0,-0.00042613495152956206,False,False,True,0,0,1992.0,0.0,0.0,0.0,-0.0,0.0,1931.0,0.0,0.0,0.0,-0.0,0.0,-0.0,-0.0,0.0,-0.14000000000000057,-0.0027860714539088335,-0.0,-0.13000000000000256,-0.002506508590790242,-0.0,0.0,0.0,0.0,0.0,0.0,0.0,0.0,0.0,0.0,0.0,0.0,0.0,0.0,0.0,362.3822799999875,0.0
184,2024-09-25,2024-09-26,1,50.18,50.24,51.8,51.84,1.0318471337579618,1.0319737154731121,1.0320609547618529,51.846359465369154,1.0,1.0,1.0,51.84,0.0001226673481433725,0.0,0.0001226673481433725,False,False,True,0,0,1991.0,0.0,0.0,0.0,-0.0,0.0,1929.0,0.0,0.0,0.0,-0.0,0.0,-0.0,-0.0,0.0,0.060000000000002274,0.0011949812216669432,0.0,0.04000000000000625,0.0007719027785819664,0.0,0.0,0.0,0.0,0.0,0.0,0.0,0.0,0.0,0.0,0.0,0.0,0.0,0.0,0.0,362.3822799999875,0.0
185,2024-09-26,2024-09-27,1,50.24,50.3,51.84,51.88,1.0314115308151095,1.0320609547618529,1.0321154670455803,51.9126660245212,1.0,1.0,1.0,51.88,0.000629447664289135,0.0,0.000629447664289135,False,False,True,0,0,1990.0,0.0,0.0,0.0,-0.0,0.0,1928.0,0.0,0.0,0.0,-0.0,0.0,-0.0,-0.0,0.0,0.05999999999999517,0.0011935549457502718,0.0,0.03999999999999915,0.0007713074042238268,0.0,0.0,0.0,0.0,0.0,0.0,0.0,0.0,0.0,0.0,0.0,0.0,0.0,0.0,0.0,362.3822799999875,0.0
186,2024-09-27,2024-09-30,3,50.3,50.28,51.88,51.82,1.0306284805091488,1.0321154670455803,1.0321095116498158,51.89476568305178,1.0,1.0,1.0,51.82,0.0014417560606808859,0.0,0.0014417560606808859,True,False,True,0,0,1992.0,0.0,0.0,0.0,-0.0,0.0,1930.0,0.0,0.0,0.0,-0.0,0.0,-0.0,-0.0,0.0,-0.01999999999999602,-0.0003976933836467654,-0.0,-0.060000000000002274,-0.001157184314279262,-0.0,0.0,0.0,0.0,0.0,0.0,0.0,0.0,0.0,0.0,0.0,0.0,0.0,0.0,0.0,362.3822799999875,0.0
187,2024-09-30,2024-10-01,1,50.28,50.43,51.82,52.02,1.0315288518738848,1.0321095116498158,1.0320688389361579,52.04928267250021,1.0,1.0,1.0,52.02,0.0005627534373453519,0.0,0.0005627534373453519,False,False,True,0,0,1984.0,0.0,0.0,0.0,-0.0,0.0,1922.0,0.0,0.0,0.0,-0.0,0.0,-0.0,-0.0,0.0,0.14999999999999858,0.0029788523665871813,0.0,0.20000000000000284,0.0038520848865417293,0.0,0.0,0.0,0.0,0.0,0.0,0.0,0.0,0.0,0.0,0.0,0.0,0.0,0.0,0.0,362.3822799999875,0.0
188,2024-10-01,2024-10-02,1,50.43,50.3,52.02,51.91,1.0320079522862824,1.0320688389361579,1.0320282519597175,51.913062598488736,1.0,1.0,1.0,51.91,5.899649678931753e-05,0.0,5.899649678931753e-05,False,False,True,0,0,1988.0,0.0,0.0,0.0,-0.0,0.0,1926.0,0.0,0.0,0.0,-0.0,0.0,-0.0,-0.0,0.0,-0.13000000000000256,-0.0025811589829404825,-0.0,-0.11000000000000654,-0.0021168101813679855,-0.0,0.0,0.0,0.0,0.0,0.0,0.0,0.0,0.0,0.0,0.0,0.0,0.0,0.0,0.0,362.3822799999875,0.0
189,2024-10-02,2024-10-03,1,50.3,50.16,51.91,51.79,1.0324960127591707,1.0320282519597175,1.032012396335171,51.766537118299425,1.0,1.0,1.0,51.79,-0.00045314149651907434,0.0,-0.00045314149651907434,False,False,True,0,0,1993.0,0.0,0.0,0.0,-0.0,0.0,1931.0,0.0,0.0,0.0,-0.0,0.0,-0.0,-0.0,0.0,-0.14000000000000057,-0.0027871807810282354,-0.0,-0.11999999999999744,-0.0023143694033374786,-0.0,0.0,0.0,0.0,0.0,0.0,0.0,0.0,0.0,0.0,0.0,0.0,0.0,0.0,0.0,362.3822799999875,0.0
190,2024-10-03,2024-10-04,1,50.16,50.04,51.79,51.59,1.0309752198241409,1.032012396335171,1.031941157326378,51.64190031261196,1.0,1.0,1.0,51.59,0.0010055092820650063,0.0,0.0010055092820650063,False,False,True,0,0,2000.0,0.0,0.0,0.0,-0.0,0.0,1938.0,0.0,0.0,0.0,-0.0,0.0,-0.0,-0.0,0.0,-0.11999999999999744,-0.002395210725954822,-0.0,-0.19999999999999574,-0.003869225179241465,-0.0,0.0,0.0,0.0,0.0,0.0,0.0,0.0,0.0,0.0,0.0,0.0,0.0,0.0,0.0,362.3822799999875,0.0
191,2024-10-04,2024-10-07,3,50.04,49.97,51.59,51.55,1.0316189713828297,1.031941157326378,1.0319561773098422,51.5660996315991,1.0,1.0,1.0,51.55,0.0003122622323273567,0.0,0.0003122622323273567,False,False,True,0,0,2002.0,0.0,0.0,0.0,-0.0,0.0,1940.0,0.0,0.0,0.0,-0.0,0.0,-0.0,-0.0,0.0,-0.07000000000000028,-0.001399860242596702,-0.0,-0.04000000000000625,-0.00077564479358978,-0.0,0.0,0.0,0.0,0.0,0.0,0.0,0.0,0.0,0.0,0.0,0.0,0.0,0.0,0.0,362.3822799999875,0.0
192,2024-10-07,2024-10-08,1,49.97,49.97,51.55,51.65,1.0336201721032618,1.0319561773098422,1.0320840198457104,51.566850180172814,1.0,1.0,1.0,51.65,-0.0016111678988296933,0.0,-0.0016111678988296933,False,False,True,0,0,1998.0,0.0,0.0,0.0,-0.0,0.0,1936.0,0.0,0.0,0.0,-0.0,0.0,-0.0,-0.0,0.0,0.0,0.0,0.0,0.10000000000000142,0.001937985102678713,0.0,0.0,0.0,0.0,0.0,0.0,0.0,0.0,0.0,0.0,0.0,0.0,0.0,0.0,0.0,362.3822799999875,0.0
193,2024-10-08,2024-10-09,1,49.97,49.88,51.65,51.51,1.0326784282277466,1.0320840198457104,1.0321563737217883,51.48035090990404,1.0,1.0,1.0,51.51,-0.0005757644410973046,0.0,-0.0005757644410973046,False,False,True,0,0,2003.0,0.0,0.0,0.0,-0.0,0.0,1941.0,0.0,0.0,0.0,-0.0,0.0,-0.0,-0.0,0.0,-0.0899999999999963,-0.0018027045442778166,-0.0,-0.14000000000000057,-0.0027142319881537035,-0.0,0.0,0.0,0.0,0.0,0.0,0.0,0.0,0.0,0.0,0.0,0.0,0.0,0.0,0.0,362.3822799999875,0.0
194,2024-10-09,2024-10-10,1,49.88,49.92,51.51,51.6,1.0336538461538463,1.0321563737217883,1.03223516086909,51.52524617619167,1.0,1.0,1.0,51.6,-0.0014497679215022237,0.0,-0.0014497679215022237,False,False,True,0,0,2000.0,0.0,0.0,0.0,-0.0,0.0,1938.0,0.0,0.0,0.0,-0.0,0.0,-0.0,-0.0,0.0,0.03999999999999915,0.00080160324933651,0.0,0.09000000000000341,0.0017457089100233142,0.0,0.0,0.0,0.0,0.0,0.0,0.0,0.0,0.0,0.0,0.0,0.0,0.0,0.0,0.0,362.3822799999875,0.0
195,2024-10-10,2024-10-11,1,49.92,49.94,51.6,51.65,1.0342410893071685,1.03223516086909,1.0323561254378693,51.54982393380236,1.0,1.0,1.0,51.65,-0.0019414005536643048,0.0,-0.0019414005536643048,False,False,True,0,0,1998.0,0.0,0.0,0.0,-0.0,0.0,1936.0,0.0,0.0,0.0,-0.0,0.0,-0.0,-0.0,0.0,0.01999999999999602,0.0004005607904548782,0.0,0.04999999999999716,0.0009685230781305052,0.0,0.0,0.0,0.0,0.0,0.0,0.0,0.0,0.0,0.0,0.0,0.0,0.0,0.0,0.0,362.3822799999875,0.0
196,2024-10-11,2024-10-14,3,49.94,49.94,51.65,51.62,1.0336403684421305,1.0323561254378693,1.0324492660049611,51.55586490436719,1.0,1.0,1.0,51.62,-0.0012432191182079337,0.0,-0.0012432191182079337,False,False,True,0,0,2000.0,0.0,0.0,0.0,-0.0,0.0,1937.0,0.0,0.0,0.0,-0.0,0.0,-0.0,-0.0,0.0,0.0,0.0,0.0,-0.030000000000001137,-0.0005810012751798108,-0.0,0.0,0.0,0.0,0.0,0.0,0.0,0.0,0.0,0.0,0.0,0.0,0.0,0.0,0.0,362.3822799999875,0.0
197,2024-10-14,2024-10-15,1,49.94,50.09,51.62,51.72,1.0325414254342182,1.0324492660049611,1.032485563763051,51.71538373418851,1.0,1.0,1.0,51.72,-8.925892954431365e-05,0.0,-8.925892954431365e-05,False,False,True,0,0,1996.0,0.0,0.0,0.0,-0.0,0.0,1933.0,0.0,0.0,0.0,-0.0,0.0,-0.0,-0.0,0.0,0.15000000000000568,0.002999102517898466,0.0,0.10000000000000142,0.0019353596131888896,0.0,0.0,0.0,0.0,0.0,0.0,0.0,0.0,0.0,0.0,0.0,0.0,0.0,0.0,0.0,362.3822799999875,0.0
198,2024-10-15,2024-10-16,1,50.09,50.2,51.72,51.84,1.0326693227091635,1.032485563763051,1.0324536928422665,51.83077530090517,1.0,1.0,1.0,51.84,-0.00017796141858505036,0.0,-0.00017796141858505036,False,False,True,0,0,1992.0,0.0,0.0,0.0,-0.0,0.0,1929.0,0.0,0.0,0.0,-0.0,0.0,-0.0,-0.0,0.0,0.10999999999999943,0.0021936393281581494,0.0,0.12000000000000455,0.002317498140362704,0.0,0.0,0.0,0.0,0.0,0.0,0.0,0.0,0.0,0.0,0.0,0.0,0.0,0.0,0.0,362.3822799999875,0.0
199,2024-10-16,2024-10-17,1,50.2,50.17,51.84,51.84,1.0332868247956948,1.0324536928422665,1.032443392933726,51.798201769896515,1.0,1.0,1.0,51.84,-0.0008066182480195287,0.0,-0.0008066182480195287,False,False,True,0,0,1992.0,0.0,0.0,0.0,-0.0,0.0,1929.0,0.0,0.0,0.0,-0.0,0.0,-0.0,-0.0,0.0,-0.030000000000001137,-0.0005977882015219494,-0.0,0.0,0.0,0.0,0.0,0.0,0.0,0.0,0.0,0.0,0.0,0.0,0.0,0.0,0.0,0.0,0.0,0.0,362.3822799999875,0.0
200,2024-10-17,2024-10-18,1,50.17,50.24,51.84,51.93,1.033638535031847,1.032443392933726,1.0325008429063667,51.8699560609904,1.0,1.0,1.0,51.93,-0.001156916591978218,0.0,-0.001156916591978218,False,False,True,0,0,1988.0,0.0,0.0,0.0,-0.0,0.0,1926.0,0.0,0.0,0.0,-0.0,0.0,-0.0,-0.0,0.0,0.07000000000000028,0.0013942836637815819,0.0,0.0899999999999963,0.0017346058122081499,0.0,0.0,0.0,0.0,0.0,0.0,0.0,0.0,0.0,0.0,0.0,0.0,0.0,0.0,0.0,362.3822799999875,0.0
201,2024-10-18,2024-10-21,3,50.24,49.98,51.93,51.67,1.0338135254101641,1.0325008429063667,1.032528834987309,51.604392128460205,1.0,1.0,1.0,51.67,-0.0012705546653644865,0.0,-0.0012705546653644865,False,False,True,0,0,1998.0,0.0,0.0,0.0,-0.0,0.0,1935.0,0.0,0.0,0.0,-0.0,0.0,-0.0,-0.0,0.0,-0.2600000000000051,-0.005188596753137037,-0.0,-0.259999999999998,-0.005019315557134304,-0.0,0.0,0.0,0.0,0.0,0.0,0.0,0.0,0.0,0.0,0.0,0.0,0.0,0.0,0.0,362.3822799999875,0.0
202,2024-10-21,2024-10-22,1,49.98,49.96,51.67,51.64,1.033626901521217,1.032528834987309,1.0326104185371379,51.58514059596596,1.0,1.0,1.0,51.64,-0.0010629079094918847,0.0,-0.0010629079094918847,False,False,True,0,0,1999.0,0.0,0.0,0.0,-0.0,0.0,1936.0,0.0,0.0,0.0,-0.0,0.0,-0.0,-0.0,0.0,-0.01999999999999602,-0.000400240149429332,-0.0,-0.030000000000001137,-0.0005807763206514664,-0.0,0.0,0.0,0.0,0.0,0.0,0.0,0.0,0.0,0.0,0.0,0.0,0.0,0.0,0.0,362.3822799999875,0.0
203,2024-10-22,2024-10-23,1,49.96,49.93,51.64,51.58,1.0330462647706788,1.0326104185371379,1.0326485428557834,51.55823819755929,1.0,1.0,1.0,51.58,-0.0004219929125018514,0.0,-0.0004219929125018514,False,False,True,0,0,2002.0,0.0,0.0,0.0,-0.0,0.0,1939.0,0.0,0.0,0.0,-0.0,0.0,-0.0,-0.0,0.0,-0.030000000000001137,-0.0006006607448590545,-0.0,-0.060000000000002274,-0.0011625655252431228,-0.0,0.0,0.0,0.0,0.0,0.0,0.0,0.0,0.0,0.0,0.0,0.0,0.0,0.0,0.0,362.3822799999875,0.0
204,2024-10-23,2024-10-24,1,49.93,50.02,51.58,51.7,1.0335865653738505,1.0326485428557834,1.0327355144365777,51.65308011364629,1.0,1.0,1.0,51.7,-0.0009079533870773117,0.0,-0.0009079533870773117,False,False,True,0,0,1997.0,0.0,0.0,0.0,-0.0,0.0,1934.0,0.0,0.0,0.0,-0.0,0.0,-0.0,-0.0,0.0,0.09000000000000341,0.0018009009369551418,0.0,0.12000000000000455,0.0023237810611848784,0.0,0.0,0.0,0.0,0.0,0.0,0.0,0.0,0.0,0.0,0.0,0.0,0.0,0.0,0.0,362.3822799999875,0.0
205,2024-10-24,2024-10-25,1,50.02,49.98,51.7,51.64,1.0332132853141258,1.0327355144365777,1.0328256021615285,51.61612101154015,1.0,1.0,1.0,51.64,-0.00046251958046867426,0.0,-0.00046251958046867426,False,False,True,0,0,1999.0,0.0,0.0,0.0,-0.0,0.0,1936.0,0.0,0.0,0.0,-0.0,0.0,-0.0,-0.0,0.0,-0.04000000000000625,-0.0008000000426668045,-0.0,-0.060000000000002274,-0.001161215535941789,-0.0,0.0,0.0,0.0,0.0,0.0,0.0,0.0,0.0,0.0,0.0,0.0,0.0,0.0,0.0,362.3822799999875,0.0
206,2024-10-25,2024-10-28,3,49.98,50.04,51.64,51.72,1.0335731414868106,1.0328256021615285,1.0329728352104115,51.682593132162886,1.0,1.0,1.0,51.72,-0.0007235189821809398,0.0,-0.0007235189821809398,False,False,True,0,0,1996.0,0.0,0.0,0.0,-0.0,0.0,1933.0,0.0,0.0,0.0,-0.0,0.0,-0.0,-0.0,0.0,0.060000000000002274,0.001199760191904095,0.0,0.0799999999999983,0.0015479879252149533,0.0,0.0,0.0,0.0,0.0,0.0,0.0,0.0,0.0,0.0,0.0,0.0,0.0,0.0,0.0,362.3822799999875,0.0
207,2024-10-28,2024-10-29,1,50.04,49.98,51.72,51.67,1.0338135254101641,1.0329728352104115,1.0330870688872256,51.62798230381637,1.0,1.0,1.0,51.67,-0.0008135240895103368,0.0,-0.0008135240895103368,False,False,True,0,0,1999.0,0.0,0.0,0.0,-0.0,0.0,1935.0,0.0,0.0,0.0,-0.0,0.0,-0.0,-0.0,0.0,-0.060000000000002274,-0.0011997601919040602,-0.0,-0.04999999999999716,-0.0009672116045634513,-0.0,0.0,0.0,0.0,0.0,0.0,0.0,0.0,0.0,0.0,0.0,0.0,0.0,0.0,0.0,362.3822799999875,0.0
208,2024-10-29,2024-10-30,1,49.98,49.79,51.67,51.53,1.0349467764611369,1.0330870688872256,1.0332340100959683,51.43740515989496,1.0,1.0,1.0,51.53,-0.0017985276975947594,0.0,-0.0017985276975947594,False,False,True,0,0,2005.0,0.0,0.0,0.0,-0.0,0.0,1941.0,0.0,0.0,0.0,-0.0,0.0,-0.0,-0.0,0.0,-0.18999999999999773,-0.003808764752714904,-0.0,-0.14000000000000057,-0.0027131799589604037,-0.0,0.0,0.0,0.0,0.0,0.0,0.0,0.0,0.0,0.0,0.0,0.0,0.0,0.0,0.0,362.3822799999875,0.0
209,2024-10-30,2024-10-31,1,49.79,49.82,51.53,51.57,1.03512645523886,1.0332340100959683,1.0333655322199529,51.47571838298114,1.0,1.0,1.0,51.57,-0.0018298992875607854,0.0,-0.0018298992875607854,True,False,True,0,0,2003.0,0.0,0.0,0.0,-0.0,0.0,1939.0,0.0,0.0,0.0,-0.0,0.0,-0.0,-0.0,0.0,0.030000000000001137,0.0006023491799430671,0.0,0.03999999999999915,0.0007759457227346202,0.0,0.0,0.0,0.0,0.0,0.0,0.0,0.0,0.0,0.0,0.0,0.0,0.0,0.0,0.0,362.3822799999875,0.0
210,2024-10-31,2024-11-01,1,49.82,49.69,51.57,51.52,1.0368283356812238,1.0333655322199529,1.0336581880128068,51.34793329600946,1.0,1.0,1.0,51.52,-0.003345393631489888,0.0,-0.003345393631489888,False,False,True,0,0,2006.0,0.0,0.0,0.0,-0.0,0.0,1941.0,0.0,0.0,0.0,-0.0,0.0,-0.0,-0.0,0.0,-0.13000000000000256,-0.002612804219805219,-0.0,-0.04999999999999716,-0.0009700262667693577,-0.0,0.0,0.0,0.0,0.0,0.0,0.0,0.0,0.0,0.0,0.0,0.0,0.0,0.0,0.0,362.3822799999875,0.0
211,2024-11-01,2024-11-04,3,49.69,49.78,51.52,51.6,1.036560867818401,1.0336581880128068,1.0339052828345854,51.455504599277525,1.0,1.0,1.0,51.6,-0.0028042266344375177,0.0,-0.0028042266344375177,False,False,True,0,0,2003.0,0.0,0.0,0.0,-0.0,0.0,1938.0,0.0,0.0,0.0,-0.0,0.0,-0.0,-0.0,0.0,0.09000000000000341,0.0018095913252167573,0.0,0.0799999999999983,0.00155159069141885,0.0,0.0,0.0,0.0,0.0,0.0,0.0,0.0,0.0,0.0,0.0,0.0,0.0,0.0,0.0,362.3822799999875,0.0
212,2024-11-04,2024-11-05,1,49.78,49.79,51.6,51.66,1.037557742518578,1.0339052828345854,1.0341021613553514,51.47814403233401,1.0,1.0,1.0,51.66,-0.0035264577976290806,0.0,-0.0035264577976290806,False,False,True,0,0,2002.0,0.0,0.0,0.0,-0.0,0.0,1936.0,0.0,0.0,0.0,-0.0,0.0,-0.0,-0.0,0.0,0.00999999999999801,0.00020086371464542158,0.0,0.05999999999999517,0.0011621151801772967,0.0,0.0,0.0,0.0,0.0,0.0,0.0,0.0,0.0,0.0,0.0,0.0,0.0,0.0,0.0,362.3822799999875,0.0
213,2024-11-05,2024-11-06,1,49.79,49.65,51.66,51.47,1.0366565961732126,1.0341021613553514,1.0343010697526247,51.343172311293195,1.0,1.0,1.0,51.47,-0.0024671498833695803,0.0,-0.0024671498833695803,False,False,True,0,0,2009.0,0.0,0.0,0.0,-0.0,0.0,1943.0,0.0,0.0,0.0,-0.0,0.0,-0.0,-0.0,0.0,-0.14000000000000057,-0.0028157701629097564,-0.0,-0.18999999999999773,-0.0036846740030312083,-0.0,0.0,0.0,0.0,0.0,0.0,0.0,0.0,0.0,0.0,0.0,0.0,0.0,0.0,0.0,362.3822799999875,0.0
214,2024-11-06,2024-11-07,1,49.65,49.76,51.47,51.65,1.0379823151125402,1.0343010697526247,1.0345174932005592,51.4668212308906,1.0,1.0,1.0,51.65,-0.0035528434567114685,0.0,-0.0035528434567114685,False,False,True,0,0,2002.0,0.0,0.0,0.0,-0.0,0.0,1936.0,0.0,0.0,0.0,-0.0,0.0,-0.0,-0.0,0.0,0.10999999999999943,0.0022130579397423348,0.0,0.17999999999999972,0.003491081900984424,0.0,0.0,0.0,0.0,0.0,0.0,0.0,0.0,0.0,0.0,0.0,0.0,0.0,0.0,0.0,362.3822799999875,0.0
215,2024-11-07,2024-11-08,1,49.76,49.89,51.65,51.69,1.0360793746241732,1.0345174932005592,1.0346094074664096,51.6120777357759,1.0,1.0,1.0,51.69,-0.0015086294624668214,0.0,-0.0015086294624668214,False,False,True,0,0,2002.0,0.0,0.0,0.0,-0.0,0.0,1935.0,0.0,0.0,0.0,-0.0,0.0,-0.0,-0.0,0.0,0.13000000000000256,0.0026091334420219555,0.0,0.03999999999999915,0.0007741436423003297,0.0,0.0,0.0,0.0,0.0,0.0,0.0,0.0,0.0,0.0,0.0,0.0,0.0,0.0,0.0,362.3822799999875,0.0
216,2024-11-08,2024-11-11,3,49.89,49.93,51.69,51.77,1.0368515922291208,1.0346094074664096,1.034769968655759,51.65804771479783,1.0,1.0,1.0,51.77,-0.002164835001681714,0.0,-0.002164835001681714,False,False,True,0,0,1999.0,0.0,0.0,0.0,-0.0,0.0,1932.0,0.0,0.0,0.0,-0.0,0.0,-0.0,-0.0,0.0,0.03999999999999915,0.0008014426395718328,0.0,0.0800000000000054,0.0015464917058622505,0.0,0.0,0.0,0.0,0.0,0.0,0.0,0.0,0.0,0.0,0.0,0.0,0.0,0.0,0.0,362.3822799999875,0.0
217,2024-11-11,2024-11-12,1,49.93,49.82,51.77,51.65,1.0367322360497793,1.034769968655759,1.034979509186537,51.55223983842991,1.0,1.0,1.0,51.65,-0.0018945362225421983,0.0,-0.0018945362225421983,False,False,True,0,0,2003.0,0.0,0.0,0.0,-0.0,0.0,1936.0,0.0,0.0,0.0,-0.0,0.0,-0.0,-0.0,0.0,-0.10999999999999943,-0.002205514678483568,-0.0,-0.12000000000000455,-0.0023206353481625007,-0.0,0.0,0.0,0.0,0.0,0.0,0.0,0.0,0.0,0.0,0.0,0.0,0.0,0.0,0.0,362.3822799999875,0.0
218,2024-11-12,2024-11-13,1,49.82,49.78,51.65,51.62,1.036962635596625,1.034979509186537,1.0351941748309101,51.521279967305816,1.0,1.0,1.0,51.62,-0.0019142687170739198,0.0,-0.0019142687170739198,False,False,True,0,0,2005.0,0.0,0.0,0.0,-0.0,0.0,1937.0,0.0,0.0,0.0,-0.0,0.0,-0.0,-0.0,0.0,-0.03999999999999915,-0.0008032128945884285,-0.0,-0.030000000000001137,-0.0005810012751798108,-0.0,0.0,0.0,0.0,0.0,0.0,0.0,0.0,0.0,0.0,0.0,0.0,0.0,0.0,0.0,362.3822799999875,0.0
219,2024-11-13,2024-11-14,1,49.78,49.87,51.62,51.77,1.0380990575496292,1.0351941748309101,1.0354347864686069,51.62513349881748,1.0,1.0,1.0,51.77,-0.0028021937024461483,0.0,-0.0028021937024461483,False,False,True,0,0,2000.0,0.0,0.0,0.0,-0.0,0.0,1932.0,0.0,0.0,0.0,-0.0,0.0,-0.0,-0.0,0.0,0.0899999999999963,0.0018063226185850922,0.0,0.15000000000000568,0.0029016366233423495,0.0,0.0,0.0,0.0,0.0,0.0,0.0,0.0,0.0,0.0,0.0,0.0,0.0,0.0,0.0,362.3822799999875,0.0
220,2024-11-14,2024-11-15,1,49.87,49.96,51.77,51.8,1.0368294635708566,1.0354347864686069,1.0355943328955575,51.7303219319716,1.0,1.0,1.0,51.8,-0.0013460419565694687,0.0,-0.0013460419565694687,False,False,True,0,0,1999.0,0.0,0.0,0.0,-0.0,0.0,1931.0,0.0,0.0,0.0,-0.0,0.0,-0.0,-0.0,0.0,0.09000000000000341,0.0018030656993457165,0.0,0.02999999999999403,0.0005793183516272403,0.0,0.0,0.0,0.0,0.0,0.0,0.0,0.0,0.0,0.0,0.0,0.0,0.0,0.0,0.0,362.3822799999875,0.0
221,2024-11-15,2024-11-18,3,49.96,49.94,51.8,51.74,1.0360432519022829,1.0355943328955575,1.0357058192201634,51.71758098480414,1.0,1.0,1.0,51.74,-0.0004333953168704906,0.0,-0.0004333953168704906,False,False,True,0,0,2002.0,0.0,0.0,0.0,-0.0,0.0,1933.0,0.0,0.0,0.0,-0.0,0.0,-0.0,-0.0,0.0,-0.020000000000003126,-0.00040040040574986874,-0.0,-0.05999999999999517,-0.0011589725075542108,-0.0,0.0,0.0,0.0,0.0,0.0,0.0,0.0,0.0,0.0,0.0,0.0,0.0,0.0,0.0,362.3822799999875,0.0
222,2024-11-18,2024-11-19,1,49.94,49.94,51.74,51.72,1.0356427713255907,1.0357058192201634,1.0358066127103822,51.72314861185495,1.0,1.0,1.0,51.72,6.087617977953861e-05,0.0,6.087617977953861e-05,False,False,True,0,0,2002.0,0.0,0.0,0.0,-0.0,0.0,1933.0,0.0,0.0,0.0,-0.0,0.0,-0.0,-0.0,0.0,0.0,0.0,0.0,-0.020000000000003126,-0.0003866228542263873,-0.0,0.0,0.0,0.0,0.0,0.0,0.0,0.0,0.0,0.0,0.0,0.0,0.0,0.0,0.0,362.3822799999875,0.0
223,2024-11-19,2024-11-20,1,49.94,49.88,51.72,51.65,1.0354851643945469,1.0358066127103822,1.0359285576915753,51.666033841993865,1.0,1.0,1.0,51.65,0.0003103843910058687,0.0,0.0003103843910058687,False,False,True,0,0,2005.0,0.0,0.0,0.0,-0.0,0.0,1936.0,0.0,0.0,0.0,-0.0,0.0,-0.0,-0.0,0.0,-0.05999999999999517,-0.001202164039791337,-0.0,-0.07000000000000028,-0.001354358338009171,-0.0,0.0,0.0,0.0,0.0,0.0,0.0,0.0,0.0,0.0,0.0,0.0,0.0,0.0,0.0,362.3822799999875,0.0
224,2024-11-20,2024-11-21,1,49.88,49.92,51.65,51.71,1.0358573717948718,1.0359285576915753,1.0360420980126264,51.71355359996344,1.0,1.0,1.0,51.71,6.871935533326202e-05,0.0,6.871935533326202e-05,False,False,True,0,0,2003.0,0.0,0.0,0.0,-0.0,0.0,1934.0,0.0,0.0,0.0,-0.0,0.0,-0.0,-0.0,0.0,0.03999999999999915,0.00080160324933651,0.0,0.060000000000002274,0.0011609908424826854,0.0,0.0,0.0,0.0,0.0,0.0,0.0,0.0,0.0,0.0,0.0,0.0,0.0,0.0,0.0,362.3822799999875,0.0
225,2024-11-21,2024-11-22,1,49.92,50.04,51.71,51.86,1.036370903277378,1.0360420980126264,1.0361999789107892,51.843546584551824,1.0,1.0,1.0,51.86,-0.00031731635277908117,0.0,-0.00031731635277908117,False,False,True,0,0,1997.0,0.0,0.0,0.0,-0.0,0.0,1928.0,0.0,0.0,0.0,-0.0,0.0,-0.0,-0.0,0.0,0.11999999999999744,0.0024009615375380463,0.0,0.14999999999999858,0.0028965937023882715,0.0,0.0,0.0,0.0,0.0,0.0,0.0,0.0,0.0,0.0,0.0,0.0,0.0,0.0,0.0,362.3822799999875,0.0
226,2024-11-22,2024-11-25,3,50.04,50.25,51.86,52.02,1.035223880597015,1.0361999789107892,1.0362825158662994,52.06904894026716,1.0,1.0,1.0,52.02,0.000942441964778151,0.0,0.000942441964778151,False,False,True,0,0,1992.0,0.0,0.0,0.0,-0.0,0.0,1922.0,0.0,0.0,0.0,-0.0,0.0,-0.0,-0.0,0.0,0.21000000000000085,0.0041878613404747154,0.0,0.1600000000000037,0.0030804799099871855,0.0,0.0,0.0,0.0,0.0,0.0,0.0,0.0,0.0,0.0,0.0,0.0,0.0,0.0,0.0,362.3822799999875,0.0
227,2024-11-25,2024-11-26,1,50.25,50.23,52.02,51.98,1.0348397372088394,1.0362825158662994,1.036333826456233,52.05247077196422,1.0,1.0,1.0,51.98,0.0013932339230090492,0.0,0.0013932339230090492,False,False,True,0,0,1994.0,0.0,0.0,0.0,-0.0,0.0,1924.0,0.0,0.0,0.0,-0.0,0.0,-0.0,-0.0,0.0,-0.020000000000003126,-0.00039808917723188755,-0.0,-0.04000000000000625,-0.0007692308071614315,-0.0,0.0,0.0,0.0,0.0,0.0,0.0,0.0,0.0,0.0,0.0,0.0,0.0,0.0,0.0,362.3822799999875,0.0
228,2024-11-26,2024-11-27,1,50.23,50.3,51.98,52.04,1.0345924453280317,1.036333826456233,1.0363161098995777,52.12759147074851,1.0,1.0,1.0,52.04,0.0016817417040377054,0.0,0.0016817417040377054,False,False,True,0,0,1992.0,0.0,0.0,0.0,-0.0,0.0,1922.0,0.0,0.0,0.0,-0.0,0.0,-0.0,-0.0,0.0,0.07000000000000028,0.0013926193437402673,0.0,0.060000000000002274,0.001153624430960471,0.0,0.0,0.0,0.0,0.0,0.0,0.0,0.0,0.0,0.0,0.0,0.0,0.0,0.0,0.0,362.3822799999875,0.0
229,2024-11-27,2024-11-29,2,50.3,50.55,52.04,52.28,1.034223541048467,1.0363161098995777,1.036270964190058,52.38577935542365,1.0,1.0,1.0,52.28,0.002021279392159822,0.0,0.002021279392159822,True,False,True,0,0,1982.0,0.0,0.0,0.0,-0.0,0.0,1913.0,0.0,0.0,0.0,-0.0,0.0,-0.0,-0.0,0.0,0.25,0.004957868360786908,0.0,0.240000000000002,0.004601235111716656,0.0,0.0,0.0,0.0,0.0,0.0,0.0,0.0,0.0,0.0,0.0,0.0,0.0,0.0,0.0,362.3822799999875,0.0
230,2024-11-29,2024-12-02,3,50.55,50.55,52.28,52.36,1.0358061325420376,1.036270964190058,1.036219854033099,52.38349723980743,1.0,1.0,1.0,52.36,0.00044866251024241387,0.0,0.00044866251024241387,False,False,True,0,0,1979.0,0.0,0.0,0.0,-0.0,0.0,1910.0,0.0,0.0,0.0,-0.0,0.0,-0.0,-0.0,0.0,0.0,0.0,0.0,0.0799999999999983,0.0015290522856779554,0.0,0.0,0.0,0.0,0.0,0.0,0.0,0.0,0.0,0.0,0.0,0.0,0.0,0.0,0.0,362.3822799999875,0.0
231,2024-12-02,2024-12-03,1,50.55,50.51,52.36,52.32,1.0358344882201544,1.036219854033099,1.0361835350531865,52.33946482721182,1.0,1.0,1.0,52.32,0.00037196497169897987,0.0,0.00037196497169897987,False,False,True,0,0,1980.0,0.0,0.0,0.0,-0.0,0.0,1911.0,0.0,0.0,0.0,-0.0,0.0,-0.0,-0.0,0.0,-0.03999999999999915,-0.000791608986519235,-0.0,-0.03999999999999915,-0.000764233892755906,-0.0,0.0,0.0,0.0,0.0,0.0,0.0,0.0,0.0,0.0,0.0,0.0,0.0,0.0,0.0,362.3822799999875,0.0
232,2024-12-03,2024-12-04,1,50.51,50.61,52.32,52.46,1.0365540407034184,1.0361835350531865,1.0361333499624286,52.441248709041766,1.0,1.0,1.0,52.46,-0.0003575036787208693,0.0,-0.0003575036787208693,False,False,True,0,0,1975.0,0.0,0.0,0.0,-0.0,0.0,1906.0,0.0,0.0,0.0,-0.0,0.0,-0.0,-0.0,0.0,0.10000000000000142,0.0019778487460255082,0.0,0.14000000000000057,0.0026722672897842715,0.0,0.0,0.0,0.0,0.0,0.0,0.0,0.0,0.0,0.0,0.0,0.0,0.0,0.0,0.0,362.3822799999875,0.0
233,2024-12-04,2024-12-05,1,50.61,50.55,52.46,52.41,1.0367952522255193,1.0361333499624286,1.0361402827650439,52.37654084060076,1.0,1.0,1.0,52.41,-0.0006386156135695153,0.0,-0.0006386156135695153,False,False,True,0,0,1977.0,0.0,0.0,0.0,-0.0,0.0,1908.0,0.0,0.0,0.0,-0.0,0.0,-0.0,-0.0,0.0,-0.060000000000002274,-0.0011862397595061973,-0.0,-0.05000000000000426,-0.0009535616246528583,-0.0,0.0,0.0,0.0,0.0,0.0,0.0,0.0,0.0,0.0,0.0,0.0,0.0,0.0,0.0,362.3822799999875,0.0
234,2024-12-05,2024-12-06,1,50.55,50.61,52.41,52.45,1.0363564512942107,1.0361402827650439,1.0360589895741275,52.43905971073887,1.0,1.0,1.0,52.45,-0.00020860687150748804,0.0,-0.00020860687150748804,False,False,True,0,0,1976.0,0.0,0.0,0.0,-0.0,0.0,1907.0,0.0,0.0,0.0,-0.0,0.0,-0.0,-0.0,0.0,0.060000000000002274,0.0011862397595062868,0.0,0.04000000000000625,0.0007629220282314093,0.0,0.0,0.0,0.0,0.0,0.0,0.0,0.0,0.0,0.0,0.0,0.0,0.0,0.0,0.0,362.3822799999875,0.0
235,2024-12-06,2024-12-09,3,50.61,50.57,52.45,52.45,1.0371761914178368,1.0360589895741275,1.0361138304138104,52.393503102763624,1.0,1.0,1.0,52.45,-0.001077737790762619,0.0,-0.001077737790762619,False,False,True,0,0,1976.0,0.0,0.0,0.0,-0.0,0.0,1907.0,0.0,0.0,0.0,-0.0,0.0,-0.0,-0.0,0.0,-0.03999999999999915,-0.0007906701340949602,-0.0,0.0,0.0,0.0,0.0,0.0,0.0,0.0,0.0,0.0,0.0,0.0,0.0,0.0,0.0,0.0,0.0,0.0,362.3822799999875,0.0
236,2024-12-09,2024-12-10,1,50.57,50.54,52.45,52.43,1.0373961218836565,1.0361138304138104,1.0361410568965375,52.36519298911398,1.0,1.0,1.0,52.43,-0.0012368319061030963,0.0,-0.0012368319061030963,False,False,True,0,0,1976.0,0.0,0.0,0.0,-0.0,0.0,1907.0,0.0,0.0,0.0,-0.0,0.0,-0.0,-0.0,0.0,-0.030000000000001137,-0.0005934131318434916,-0.0,-0.020000000000003126,-0.00038138825786477465,-0.0,0.0,0.0,0.0,0.0,0.0,0.0,0.0,0.0,0.0,0.0,0.0,0.0,0.0,0.0,362.3822799999875,0.0
237,2024-12-10,2024-12-11,1,50.54,50.56,52.43,52.42,1.0367879746835442,1.0361410568965375,1.0361438438282256,52.38729183668894,1.0,1.0,1.0,52.42,-0.0006241581821212058,0.0,-0.0006241581821212058,False,False,True,0,0,1977.0,0.0,0.0,0.0,-0.0,0.0,1908.0,0.0,0.0,0.0,-0.0,0.0,-0.0,-0.0,0.0,0.020000000000003126,0.0003956478785539709,0.0,-0.00999999999999801,-0.00019074868918113506,-0.0,0.0,0.0,0.0,0.0,0.0,0.0,0.0,0.0,0.0,0.0,0.0,0.0,0.0,0.0,362.3822799999875,0.0
238,2024-12-11,2024-12-12,1,50.56,50.31,52.42,52.26,1.0387596899224805,1.0361438438282256,1.0362336965445182,52.12839678299803,1.0,1.0,1.0,52.26,-0.00252141599603726,0.0,-0.00252141599603726,False,False,True,0,0,1983.0,0.0,0.0,0.0,-0.0,0.0,1914.0,0.0,0.0,0.0,-0.0,0.0,-0.0,-0.0,0.0,-0.25,-0.004956885335374807,-0.0,-0.1600000000000037,-0.0030569378027939654,-0.0,0.0,0.0,0.0,0.0,0.0,0.0,0.0,0.0,0.0,0.0,0.0,0.0,0.0,0.0,362.3822799999875,0.0
239,2024-12-12,2024-12-13,1,50.31,50.29,52.26,52.24,1.038775104394512,1.0362336965445182,1.0362674988867626,52.112192599223825,1.0,1.0,1.0,52.24,-0.0024495405702375825,0.0,-0.0024495405702375825,False,False,True,0,0,1983.0,0.0,0.0,0.0,-0.0,0.0,1914.0,0.0,0.0,0.0,-0.0,0.0,-0.0,-0.0,0.0,-0.020000000000003126,-0.00039761431935387117,-0.0,-0.01999999999999602,-0.00038277512429076244,-0.0,0.0,0.0,0.0,0.0,0.0,0.0,0.0,0.0,0.0,0.0,0.0,0.0,0.0,0.0,362.3822799999875,0.0
